item_id,tier,source,name,icon,slot,armor_type,hand_type,weapon_type,ranged_weapon_type,set_name,class_allowlist,has_effect,sockets,socket_bonus,weapon_min,weapon_max,weapon_speed,url,strength,agility,stamina,intellect,healing_power,spell_damage,arcane_damage,fire_damage,frost_damage,holy_damage,nature_damage,shadow_damage,spell_hit,spell_crit,spell_haste,spell_pen,spirit,attack_power,ranged_attack_power,feral_attack_power,melee_hit,melee_crit,melee_haste,armor_pen,expertise,defense,block_rating,block_value,dodge,parry,resilience,armor,bonus_armor
19288,,drop,Darkmoon Card: Blue Dragon,inv_misc_ticket_tarot_bluedragon_01,Trinket,,,,,,,yes,,,,,,https://www.wowhead.com/tbc/item=19288,,,,,,,,,,,,,,,,,,,,,,,,,,,,,,,,,
21846,,crafted,Spellfire Belt,inv_belt_04,Waist,Cloth,,,,Wrath of Spellfire,,,Yellow|Blue,stamina=4,,,,https://www.wowhead.com/tbc/item=21846,,,,18,,,50,50,,,,,,18,,,,,,,,,,,,,,,,,,100,
21847,,crafted,Spellfire Gloves,inv_gauntlets_19,Hands,Cloth,,,,Wrath of Spellfire,,,Yellow|Blue,stamina=4,,,,https://www.wowhead.com/tbc/item=21847,,,,10,,,50,50,,,,,,23,,,,,,,,,,,,,,,,,,111,
21848,,crafted,Spellfire Robe,inv_chest_cloth_02,Chest,Cloth,,,,Wrath of Spellfire,,,Yellow|Blue,stamina=4,,,,https://www.wowhead.com/tbc/item=21848,,,,17,,,72,72,,,,,,28,,,,,,,,,,,,,,,,,,178,
21869,,crafted,Frozen Shadoweave Shoulders,inv_shoulder_25,Shoulder,Cloth,,,,Shadow's Embrace,,,Yellow|Blue,spell_hit=3,,,,https://www.wowhead.com/tbc/item=21869,,,21,15,,,,,50,,,50,,,,,,,,,,,,,,,,,,,,133,
21870,,crafted,Frozen Shadoweave Boots,inv_boots_cloth_03,Feet,Cloth,,,,Shadow's Embrace,,,Yellow|Blue,spell_hit=3,,,,https://www.wowhead.com/tbc/item=21870,,,15,9,,,,,57,,,57,,,,,,,,,,,,,,,,,,,,122,
21871,,crafted,Frozen Shadoweave Robe,inv_chest_cloth_08,Chest,Cloth,,,,Shadow's Embrace,,,Yellow|Blue,spell_hit=3,,,,https://www.wowhead.com/tbc/item=21871,,,30,20,,,,,72,,,72,,,,,,,,,,,,,,,,,,,,178,
21873,,crafted,Primal Mooncloth Belt,inv_belt_31,Waist,Cloth,,,,Primal Mooncloth,,,Yellow|Blue,intellect=3,,,,https://www.wowhead.com/tbc/item=21873,,,,12,81,27,,,,,,,,,,,11,,,,,,,,,,,,,,,109,
21874,,crafted,Primal Mooncloth Shoulders,inv_shoulder_02,Shoulder,Cloth,,,,Primal Mooncloth,,,,,,,,https://www.wowhead.com/tbc/item=21874,,,,16,92,31,,,,,,,,,,,15,,,,,,,,,,,,,,,133,
21875,,crafted,Primal Mooncloth Robe,inv_chest_cloth_04,Chest,Cloth,,,,Primal Mooncloth,,,Yellow|Blue,intellect=3,,,,https://www.wowhead.com/tbc/item=21875,,,,20,121,41,,,,,,,,,,,20,,,,,,,,,,,,,,,202,
23540,,crafted,Felsteel Longblade,inv_sword_59,Weapon,,One Hand,Sword,,,,,,,128,239,2.2,https://www.wowhead.com/tbc/item=23540,,26,15,,,,,,,,,,,,,,,,,,,,,,,,,,,,,,
23544,,crafted,Runic Hammer,inv_hammer_09,Weapon,,One Hand,Mace,,,,,,,140,261,2.4,https://www.wowhead.com/tbc/item=23544,,,16,,,,,,,,,,,,,,,50,50,,,,,,,,,,,,,,
23554,,crafted,Eternium Runed Blade,inv_weapon_shortblade_05,Weapon,,Main Hand,Dagger,,,,,,,28,113,1.7,https://www.wowhead.com/tbc/item=23554,,,,19,168,168,,,,,,,,21,,,,,,,,,,,,,,,,,,,
23556,,crafted,Hand of Eternity,inv_mace_16,Weapon,,Main Hand,Mace,,,,,,,35,131,1.9,https://www.wowhead.com/tbc/item=23556,,,,20,317,106,,,,,,,,,,,,,,,,,,,,,,,,,,,
23835,,crafted,Gnomish Poultryizer,inv_misc_enggizmos_06,Trinket,,,,,,,yes,,,,,,https://www.wowhead.com/tbc/item=23835,,,45,,,,,,,,,,,,,,,,,,,,,,,,,,,,,,
23836,,crafted,Goblin Rocket Launcher,inv_gizmo_rocketlauncher,Trinket,,,,,,,yes,,,,,,https://www.wowhead.com/tbc/item=23836,,,45,,,,,,,,,,,,,,,,,,,,,,,,,,,,,,
24114,,crafted,Braided Eternium Chain,inv_jewelry_necklace_07,Neck,,,,,,,yes,,,,,,https://www.wowhead.com/tbc/item=24114,,,,,,,,,,,,,,,,,,,,,21,,,,,,,,,,,,
24116,,crafted,Eye of the Night,inv_jewelry_necklace_28,Neck,,,,,,,yes,,,,,,https://www.wowhead.com/tbc/item=24116,,,,,,,,,,,,,16,26,,15,,,,,,,,,,,,,,,,,
24121,,crafted,Chain of the Twilight Owl,inv_jewelry_necklace_ahnqiraj_02,Neck,,,,,,,yes,,,,,,https://www.wowhead.com/tbc/item=24121,,,,19,21,21,,,,,,,,,,,,,,,,,,,,18,,,,,,,
24256,,crafted,Girdle of Ruination,inv_belt_13,Waist,Cloth,,,,,,,Red|Yellow,stamina=4,,,,https://www.wowhead.com/tbc/item=24256,,,18,13,39,39,,,,,,,,20,,,,,,,,,,,,,,,,,,100,
24259,,crafted,Vengeance Wrap,inv_misc_cape_18,Back,Cloth,,,,,,,Red,melee_hit=2,,,,https://www.wowhead.com/tbc/item=24259,,,,,,,,,,,,,,,,,,52,52,,,23,,,,,,,,,,89,
24262,,crafted,Spellstrike Pants,inv_pants_cloth_14,Legs,Cloth,,,,Spellstrike Infusion,,,Blue|Yellow|Red,stamina=6,,,,https://www.wowhead.com/tbc/item=24262,,,12,8,46,46,,,,,,,22,26,,,,,,,,,,,,,,,,,,156,
24390,,drop,Auslese's Light Channeler,inv_qiraj_jewelencased,Trinket,,,,,,,yes,,,,,,https://www.wowhead.com/tbc/item=24390,,,,,59,20,,,,,,,,,,,,,,,,,,,,,,,,,,,
24450,,drop,Manaspark Gloves,inv_gauntlets_14,Hands,Cloth,,,,,,,Red|Yellow,spell_crit=3,,,,https://www.wowhead.com/tbc/item=24450,,,14,14,16,16,,,,,,,15,,,,10,,,,,,,,,,,,,,,81,
24557,,arena,Gladiator's War Staff,inv_staff_53,Weapon,,Two Hand,Staff,,,,,,,90,185,2,https://www.wowhead.com/tbc/item=24557,,,48,35,199,199,,,,,,,21,36,,,,,,,,,,,,,,,,,25,,
25099,,drop,Draenei Crystal Rod,inv_misc_orb_01,Weapon,,Off Hand,Off Hand,,,,,,,,,,https://www.wowhead.com/tbc/item=25099,,,,,,,,,,,,,,,,,,,,,,,,,,,,,,,,,
25295,,drop,Flawless Wand,inv_wand_16,Ranged,,,,5,,,,,,137,255,1.7,https://www.wowhead.com/tbc/item=25295,,,,,,,,,,,,,,,,,,,,,,,,,,,,,,,,,
25620,,drop,Ancient Crystal Talisman,inv_jewelry_necklace_28,Trinket,,,,,,,yes,,,,,,https://www.wowhead.com/tbc/item=25620,,,,,26,26,,,,,,,,,,,,,,,,,,,,,,,,,,,
25634,,drop,Oshu'gun Relic,inv_jewelry_talisman_06,Trinket,,,,,,,yes,,,,,,https://www.wowhead.com/tbc/item=25634,,,,,53,18,,,,,,,,,,,,,,,,,,,,,,,,,,,
25685,,crafted,Fel Leather Gloves,inv_gauntlets_22,Hands,Leather,,,,Fel Skin,,,Yellow|Red,attack_power=6|ranged_attack_power=6,,,,https://www.wowhead.com/tbc/item=25685,,,,,,,,,,,,,,,,,,36,36,,17,24,,,,,,,,,,169,
25686,,crafted,Fel Leather Boots,inv_boots_cloth_05,Feet,Leather,,,,Fel Skin,,,Yellow|Red,attack_power=6|ranged_attack_power=6,,,,https://www.wowhead.com/tbc/item=25686,,,,,,,,,,,,,,,,,,36,36,,25,17,,,,,,,,,,196,
25937,,drop,Terokkar Tablet of Precision,inv_misc_stonetablet_11,Trinket,,,,,,,yes,,,,,,https://www.wowhead.com/tbc/item=25937,,,,,,,,,,,,,,,,,,,,,22,,,,,,,,,,,,
25969,,drop,Rapscallion's Touch,inv_gauntlets_24,Hands,Leather,,,,,,,Red|Yellow,stamina=6,,,,https://www.wowhead.com/tbc/item=25969,,15,,,,,,,,,,,,,,,,,,,15,21,,,,,,,,,,149,
27477,,drop,Faol's Signet of Cleansing,inv_staff_24,Weapon,,Off Hand,Off Hand,,,,,,,,,,https://www.wowhead.com/tbc/item=27477,,,,,59,20,,,,,,,,,,,,,,,,,,,,,,,,,,,
27484,,worn,Libram of Avengement,inv_misc_stonetablet_05,Ranged,,,,7,,,yes,,,,,,https://www.wowhead.com/tbc/item=27484,,,,,,,,,,,,,,,,,,,,,,,,,,,,,,,,,
27536,,drop,Hallowed Handwraps,inv_gauntlets_27,Hands,Cloth,,,,Hallowed Raiment,,,,,,,,https://www.wowhead.com/tbc/item=27536,,,19,20,51,17,,,,,,,,,,,26,,,,,,,,,,,,,,,97,
27538,,drop,Lightsworn Hammer,inv_hammer_23,Weapon,,Main Hand,Mace,,,,,,,35,113,1.8,https://www.wowhead.com/tbc/item=27538,,,12,11,227,76,,,,,,,,,,,,,,,,,,,,,,,,,,,
27543,,drop,Starlight Dagger,inv_weapon_shortblade_37,Weapon,,Main Hand,Dagger,,,,,,,29,95,1.5,https://www.wowhead.com/tbc/item=27543,,,15,15,121,121,,,,,,,16,,,,,,,,,,,,,,,,,,,,
27683,,drop,Quagmirran's Eye,inv_misc_gem_pearl_01,Trinket,,,,,,,yes,,,,,,https://www.wowhead.com/tbc/item=27683,,,,,37,37,,,,,,,,,,,,,,,,,,,,,,,,,,,
27714,,drop,Swamplight Lantern,inv_offhand_outlandraid_03orange,Weapon,,Off Hand,Off Hand,,,,,,,,,,https://www.wowhead.com/tbc/item=27714,,,,22,40,14,,,,,,,,,,,,,,,,,,,,,,,,,,,
27741,,drop,Bleeding Hollow Warhammer,inv_mace_1h_stratholme_d_01,Weapon,,Main Hand,Mace,,,,,,,47,151,2.4,https://www.wowhead.com/tbc/item=27741,,,12,17,121,121,,,,,,,,16,,,,,,,,,,,,,,,,,,,
27791,,drop,Serpentcrest Life-Staff,inv_staff_48,Weapon,,Two Hand,Staff,,,,,,,100,188,2.4,https://www.wowhead.com/tbc/item=27791,,,27,27,227,76,,,,,,,,,,,46,,,,,,,,,,,,,,,,
27797,,drop,Wastewalker Shoulderpads,inv_shoulder_15,Shoulder,Leather,,,,Wastewalker Armor,,,Red|Blue,melee_crit=3,,,,https://www.wowhead.com/tbc/item=27797,,25,13,,,,,,,,,,,,,,,34,34,,16,,,,,,,,,,,219,
27815,,worn,Totem of the Astral Winds,spell_unused,Ranged,,,,8,,,yes,,,,,,https://www.wowhead.com/tbc/item=27815,,,,,,,,,,,,,,,,,,,,,,,,,,,,,,,,,
27828,,drop,Warp-Scarab Brooch,inv_scarab_crystal,Trinket,,,,,,,yes,,,,,,https://www.wowhead.com/tbc/item=27828,,,,,,,,,,,,,,,,,,,,,,,,,,,,,,,,,
27842,,drop,Grand Scepter of the Nexus-Kings,inv_staff_45,Weapon,,Two Hand,Staff,,,,,,,106,196,2.4,https://www.wowhead.com/tbc/item=27842,,,45,43,121,121,,,,,,,19,,,,,,,,,,,,,,,,,,,,
27868,,drop,Runesong Dagger,inv_weapon_shortblade_52,Weapon,,Main Hand,Dagger,,,,,,,27,90,1.5,https://www.wowhead.com/tbc/item=27868,,,12,11,121,121,,,,,,,,20,,,,,,,,,,,,,,,,,,,
27877,,drop,Draenic Wildstaff,inv_staff_42,Weapon,,Two Hand,Staff,,,,,,,106,196,2.4,https://www.wowhead.com/tbc/item=27877,34,32,33,,,,,,,,,,,,,,,,,539,22,,,,,,,,,,,,
27878,,drop,Auchenai Death Shroud,inv_misc_cape_21,Back,Cloth,,,,,,,,,,,,https://www.wowhead.com/tbc/item=27878,,15,15,,,,,,,,,,,,,,,36,36,,17,,,,,,,,,,,78,
27903,,drop,Sonic Spear,inv_spear_08,Weapon,,Two Hand,Polearm,,,,,,,261,392,3.5,https://www.wowhead.com/tbc/item=27903,,35,30,,,,,,,,,,,,,,,62,62,,24,,,,,,,,,,,,
27917,,worn,Libram of the Eternal Rest,inv_relics_libramoftruth,Ranged,,,,7,,,yes,,,,,,https://www.wowhead.com/tbc/item=27917,,,,,,,,,,,,,,,,,,,,,,,,,,,,,,,,,
27937,,drop,Sky Breaker,inv_mace_34,Weapon,,Main Hand,Mace,,,,,,,35,113,1.8,https://www.wowhead.com/tbc/item=27937,,,13,20,132,132,,,,,,,,,,,,,,,,,,,,,,,,,,,
28033,,drop,Epoch-Mender,inv_staff_46,Weapon,,Two Hand,Staff,,,,,,,100,188,2.4,https://www.wowhead.com/tbc/item=28033,,,37,35,227,76,,,,,,,,,,,,,,,,,,,,,,,,,,,
28034,,drop,Hourglass of the Unraveller,inv_gizmo_khoriumpowercore,Trinket,,,,,,,yes,,,,,,https://www.wowhead.com/tbc/item=28034,,,,,,,,,,,,,,,,,,,,,,32,,,,,,,,,,,
28041,,drop,Bladefist's Breadth,inv_datacrystal06,Trinket,,,,,,,yes,,,,,,https://www.wowhead.com/tbc/item=28041,,,,,,,,,,,,,,,,,,,,,,26,,,,,,,,,,,
28121,,drop,Icon of Unyielding Courage,inv_brd_banner,Trinket,,,,,,,yes,,,,,,https://www.wowhead.com/tbc/item=28121,,,,,,,,,,,,,,,,,,,,,30,,,,,,,,,,,,
28171,,drop,Spymistress's Wristguards,inv_bracer_08,Wrist,Leather,,,,,,,Red,dodge=2,,,,https://www.wowhead.com/tbc/item=28171,,18,15,,,,,,,,,,,,,,,,,,15,,,,,,,,,,,128,
28182,,drop,Helm of the Claw,inv_helmet_15,Head,Leather,,,,,,,Yellow|Meta,resilience=4,,,,https://www.wowhead.com/tbc/item=28182,,25,21,,,,,,,,,,,,,,,66,66,,14,,,,,,,,,,,237,
28187,,drop,Star-Heart Lamp,inv_offhand_outlandraid_03blue,Weapon,,Off Hand,Off Hand,,,,,,,,,,https://www.wowhead.com/tbc/item=28187,,,17,18,22,22,,,,,,,12,,,,,,,,,,,,,,,,,,,,
28188,,drop,Bloodfire Greatstaff,inv_staff_40,Weapon,,Two Hand,Staff,,,,,,,106,196,2.4,https://www.wowhead.com/tbc/item=28188,,,42,42,121,121,,,,,,,,28,,,,,,,,,,,,,,,,,,,
28190,,drop,Scarab of the Infinite Cycle,inv_misc_ahnqirajtrinket_06,Trinket,,,,,,,yes,,,,,,https://www.wowhead.com/tbc/item=28190,,,,,70,24,,,,,,,,,,,,,,,,,,,,,,,,,,,
28213,,drop,Lordaeron Medical Guide,inv_misc_book_10,Weapon,,Off Hand,Off Hand,,,,,,,,,,https://www.wowhead.com/tbc/item=28213,,,12,10,46,16,,,,,,,,,,,16,,,,,,,,,,,,,,,,
28223,,drop,Arcanist's Stone,inv_jewelcrafting_nightseye_01,Trinket,,,,,,,yes,,,,,,https://www.wowhead.com/tbc/item=28223,,,,,,,,,,,,,25,,,,,,,,,,,,,,,,,,,,
28230,,drop,Hallowed Garments,inv_chest_cloth_39,Chest,Cloth,,,,Hallowed Raiment,,,Red|Yellow|Blue,stamina=6,,,,https://www.wowhead.com/tbc/item=28230,,,12,26,57,19,,,,,,,,,,,26,,,,,,,,,,,,,,,156,
28245,,drop,Pendant of Dominance,inv_jewelry_necklace_36,Neck,,,,,,,,Yellow,spell_crit=2,,,,https://www.wowhead.com/tbc/item=28245,,,31,12,26,26,,,,,,,,,,,,,,,,,,,,,,,,,16,,
28248,,worn,Totem of the Void,spell_arcane_blast,Ranged,,,,8,,,yes,,,,,,https://www.wowhead.com/tbc/item=28248,,,,,,,,,,,,,,,,,,,,,,,,,,,,,,,,,
28256,,drop,Thoriumweave Cloak,inv_misc_cape_11,Back,Cloth,,,,,,,,,,,,https://www.wowhead.com/tbc/item=28256,,,35,,,,,,,,,,,,,,,,,,,,,,,,,,,,,78,312
28257,,drop,Hammer of the Penitent,inv_mace_13,Weapon,,Main Hand,Mace,,,,,,,35,113,1.8,https://www.wowhead.com/tbc/item=28257,,,,16,227,76,,,,,,,,,,,13,,,,,,,,,,,,,,,,
28288,,drop,Abacus of Violent Odds,inv_misc_enggizmos_18,Trinket,,,,,,,yes,,,,,,https://www.wowhead.com/tbc/item=28288,,,,,,,,,,,,,,,,,,64,64,,,,,,,,,,,,,,
28297,,arena,Gladiator's Spellblade,inv_weapon_shortblade_26,Weapon,,Main Hand,Dagger,,,,,,,22,110,1.6,https://www.wowhead.com/tbc/item=28297,,,28,18,199,199,,,,,,,,,,,,,,,,,,,,,,,,,18,,
28325,,drop,Dreamer's Dragonstaff,inv_staff_49,Weapon,,Two Hand,Staff,,,,,,,106,196,2.4,https://www.wowhead.com/tbc/item=28325,46,27,28,,,,,,,,,,,,,,,,,539,,,,,,,,,,,,,
28341,,drop,Warpstaff of Arcanum,inv_staff_47,Weapon,,Two Hand,Staff,,,,,,,106,196,2.4,https://www.wowhead.com/tbc/item=28341,,,37,38,121,121,,,,,,,16,26,,,,,,,,,,,,,,,,,,,
28370,,drop,Bangle of Endless Blessings,inv_jewelry_necklace_27,Trinket,,,,,,,yes,,,,,,https://www.wowhead.com/tbc/item=28370,,,,,,,,,,,,,,,,,,,,,,,,,,,,,,,,,
28378,,drop,Sergeant's Heavy Cape,inv_misc_cape_07,Back,Cloth,,,,,,,,,,,,https://www.wowhead.com/tbc/item=28378,,,33,12,26,26,,,,,,,,,,,,,,,,,,,,,,,,,16,104,
28386,,drop,Nether Core's Control Rod,inv_wand_17,Ranged,,,,5,,,,,,163,303,1.8,https://www.wowhead.com/tbc/item=28386,,,9,10,13,13,,,,,,,8,,,,,,,,,,,,,,,,,,,,
28407,,worn,Elementium Band of the Sentry,inv_jewelry_ring_ahnqiraj_04,Finger,,,,,,,,,,,,,https://www.wowhead.com/tbc/item=28407,,,24,,,,,,,,,,,,,,,,,,,,,,,20,,,19,,,,
28412,,drop,Lamp of Peaceful Radiance,inv_offhand_outlandraid_03white,Weapon,,Off Hand,Off Hand,,,,,,,,,,https://www.wowhead.com/tbc/item=28412,,,13,14,21,21,,,,,,,12,13,,,,,,,,,,,,,,,,,,,
28418,,drop,Shiffar's Nexus-Horn,inv_gizmo_elementalblastingpowder,Trinket,,,,,,,yes,,,,,,https://www.wowhead.com/tbc/item=28418,,,,,,,,,,,,,,30,,,,,,,,,,,,,,,,,,,
28427,,crafted,Blazefury,inv_sword_1h_blacksmithing_03,Weapon,,One Hand,Sword,,,,,,,109,203,1.6,https://www.wowhead.com/tbc/item=28427,,19,28,,,,,,,,,,,,,,,,,,18,,,,,,,,,,,,
28429,,crafted,Lionheart Champion,inv_sword_2h_blacksmithing_02,Weapon,,Two Hand,Sword,,,,yes,,,341,513,3.6,https://www.wowhead.com/tbc/item=28429,49,44,,,,,,,,,,,,,,,,,,,,,,,,,,,,,,,
28430,,crafted,Lionheart Executioner,inv_sword_2h_blacksmithing_03,Weapon,,Two Hand,Sword,,,,yes,,,365,549,3.6,https://www.wowhead.com/tbc/item=28430,52,44,,,,,,,,,,,,,,,,,,,,,,,,,,,,,,,
28433,,crafted,Wicked Edge of the Planes,inv_axe_1h_blacksmithing_03,Weapon,,Main Hand,Axe,,,,,,,184,343,2.7,https://www.wowhead.com/tbc/item=28433,,,,,,,,,,,,,,,,,,48,48,,,23,,,,,,,,,,,
28434,,crafted,Lunar Crescent,inv_axe_50,Weapon,,Two Hand,Axe,,,,,,,324,487,3.7,https://www.wowhead.com/tbc/item=28434,,,,,,,,,,,,,,,,,,96,96,,,47,,,,,,,,,,,
28435,,crafted,Mooncleaver,inv_axe_51,Weapon,,Two Hand,Axe,,,,,,,351,527,3.7,https://www.wowhead.com/tbc/item=28435,,,,,,,,,,,,,,,,,,106,106,,,52,,,,,,,,,,,
28436,,crafted,Bloodmoon,inv_axe_52,Weapon,,Two Hand,Axe,,,,,,,375,564,3.7,https://www.wowhead.com/tbc/item=28436,,,,,,,,,,,,,,,,,,112,112,,,56,,,,,,,,,,,
28438,,crafted,Dragonmaw,inv_mace_38,Weapon,,Main Hand,Mace,,,,yes,,,172,320,2.7,https://www.wowhead.com/tbc/item=28438,,,9,,,,,,,,,,,,,,,,,,,,,,,,,,,,,,
28439,,crafted,Dragonstrike,inv_mace_39,Weapon,,Main Hand,Mace,,,,yes,,,184,343,2.7,https://www.wowhead.com/tbc/item=28439,,,19,,,,,,,,,,,,,,,,,,,,,,,,,,,,,,
28442,,crafted,Stormherald,inv_mace_2h_blacksmithing_03,Weapon,,Two Hand,Mace,,,,,,,386,579,3.8,https://www.wowhead.com/tbc/item=28442,42,42,61,,,,,,,,,,,,,,,,,,,,,,,,,,,,,,
28453,T4,raid_drop,Bracers of the White Stag,inv_bracer_02,Wrist,Leather,,,,,,,,,,,,https://www.wowhead.com/tbc/item=28453,,,16,18,26,26,,,,,,,,,,,22,,,,,,,,,,,,,,,159,
28454,T4,raid_drop,Stalker's War Bands,inv_bracer_02,Wrist,Mail,,,,,,,,,,,,https://www.wowhead.com/tbc/item=28454,,21,18,17,,,,,,,,,,,,,,44,44,,,,,,,,,,,,,355,
28476,,arena,Gladiator's Maul,inv_mace_52,Weapon,,Two Hand,Mace,,,,,,,90,185,2,https://www.wowhead.com/tbc/item=28476,32,,48,,,,,,,,,,,,,,,,,894,20,35,,,,,,,,,28,,
28477,T4,raid_drop,Harbinger Bands,inv_bracer_13,Wrist,Cloth,,,,,,,,,,,,https://www.wowhead.com/tbc/item=28477,,,21,21,26,26,,,,,,,,,,,14,,,,,,,,,,,,,,,85,
28484,,crafted,Bulwark of Kings,inv_chest_plate15,Chest,Plate,,,,,,yes,Blue|Yellow|Yellow,melee_crit=4,,,,https://www.wowhead.com/tbc/item=28484,35,,55,,,,,,,,,,,,,,,,,,23,37,,,,,,,,,,1595,
28502,T4,raid_drop,Vambraces of Courage,inv_bracer_19,Wrist,Plate,,,,,,,Yellow,dodge=2,,,,https://www.wowhead.com/tbc/item=28502,,,33,,,,,,,,,,,,,,,,,,,,,,,15,,33,,,,634,
28503,T4,raid_drop,Whirlwind Bracers,inv_bracer_02,Wrist,Mail,,,,,,,,,,,,https://www.wowhead.com/tbc/item=28503,,,19,20,46,16,,,,,,,,,,,,,,,,,,,,,,,,,,355,
28504,T4,raid_drop,Steelhawk Crossbow,inv_weapon_crossbow_18,Ranged,,,,2,,,,,,155,288,2.8,https://www.wowhead.com/tbc/item=28504,,,,,,,,,,,,,,,,,,30,30,,16,,,,,,,,,,,,
28505,T4,raid_drop,Gauntlets of Renewed Hope,inv_gauntlets_25,Hands,Plate,,,,,,,Blue|Blue,intellect=3,,,,https://www.wowhead.com/tbc/item=28505,,,19,29,62,21,,,,,,,,,,,,,,,,,,,,,,,,,,906,
28506,T4,raid_drop,Gloves of Dexterous Manipulation,inv_gauntlets_28,Hands,Leather,,,,,,,Red|Blue,melee_crit=3,,,,https://www.wowhead.com/tbc/item=28506,,35,22,,,,,,,,,,,,,,,42,42,,,,,,,,,,,,,228,
28507,T4,raid_drop,Handwraps of Flowing Thought,inv_gauntlets_17,Hands,Cloth,,,,,,,Yellow|Blue,spell_hit=3,,,,https://www.wowhead.com/tbc/item=28507,,,24,22,35,35,,,,,,,14,,,,,,,,,,,,,,,,,,,121,
28508,T4,raid_drop,Gloves of Saintly Blessings,inv_gauntlets_17,Hands,Cloth,,,,,,,Red|Blue,healing_power=7|spell_damage=3,,,,https://www.wowhead.com/tbc/item=28508,,,27,25,40,14,,,,,,,,,,,25,,,,,,,,,,,,,,,121,
28509,T4,raid_drop,Worgen Claw Necklace,inv_jewelry_necklace_22,Neck,,,,,,,,,,,,,https://www.wowhead.com/tbc/item=28509,,20,21,,,,,,,,,,,,,,,42,42,,17,,,,,,,,,,,,
28510,T4,raid_drop,Spectral Band of Innervation,inv_jewelry_ring_31,Finger,,,,,,,,,,,,,https://www.wowhead.com/tbc/item=28510,,,22,24,29,29,,,,,,,,,,,,,,,,,,,,,,,,,,,
28511,T4,raid_drop,Bands of Indwelling,inv_bracer_13,Wrist,Cloth,,,,,,,,,,,,https://www.wowhead.com/tbc/item=28511,,,22,18,46,16,,,,,,,,,,,20,,,,,,,,,,,,,,,85,
28512,T4,raid_drop,Bracers of Justice,inv_bracer_02,Wrist,Plate,,,,,,,,,,,,https://www.wowhead.com/tbc/item=28512,,,22,22,46,16,,,,,,,,16,,,,,,,,,,,,,,,,,,634,
28514,T4,raid_drop,Bracers of Maliciousness,inv_bracer_15,Wrist,Leather,,,,,,,,,,,,https://www.wowhead.com/tbc/item=28514,,,25,,,,,,,,,,,,,,,50,50,,,22,,,,,,,,,,159,
28515,T4,raid_drop,Bands of Nefarious Deeds,inv_bracer_13,Wrist,Cloth,,,,,,,,,,,,https://www.wowhead.com/tbc/item=28515,,,27,22,32,32,,,,,,,,,,,,,,,,,,,,,,,,,,85,
28516,T4,raid_drop,Barbed Choker of Discipline,inv_jewelry_necklace_ahnqiraj_02,Neck,,,,,,,,,,,,,https://www.wowhead.com/tbc/item=28516,,,39,,,,,,,,,,,,,,,,,,,,,,,16,,,21,,,,
28517,T4,raid_drop,Boots of Foretelling,inv_boots_cloth_05,Feet,Cloth,,,,,,,Red|Yellow,intellect=3,,,,https://www.wowhead.com/tbc/item=28517,,,27,23,26,26,,,,,,,,19,,,,,,,,,,,,,,,,,,134,
28518,T4,raid_drop,Iron Gauntlets of the Maiden,inv_gauntlets_31,Hands,Plate,,,,,,,Red|Yellow,block_rating=4,,,,https://www.wowhead.com/tbc/item=28518,,,39,,,,,,,,,,,,,,,,,,,,,,,16,17,38,,,,906,
28519,T4,raid_drop,Gloves of Quickening,inv_gauntlets_25,Hands,Mail,,,,,,,Blue|Red,agility=3,,,,https://www.wowhead.com/tbc/item=28519,,,22,24,,,,,,,,,,,,,,52,52,,,17,,,,,,,,,,507,
28520,T4,raid_drop,Gloves of Centering,inv_gauntlets_25,Hands,Mail,,,,,,,Blue|Red,intellect=3,,,,https://www.wowhead.com/tbc/item=28520,,,25,20,62,21,,,,,,,,,,,,,,,,,,,,,,,,,,507,
28521,T4,raid_drop,Mitts of the Treemender,inv_gauntlets_25,Hands,Leather,,,,,,,Blue|Yellow,spirit=3,,,,https://www.wowhead.com/tbc/item=28521,,,25,22,64,22,,,,,,,,,,,14,,,,,,,,,,,,,,,228,
28522,T4,raid_drop,Shard of the Virtuous,inv_hammer_26,Weapon,,Main Hand,Mace,,,,,,,28,129,1.9,https://www.wowhead.com/tbc/item=28522,,,22,20,348,116,,,,,,,,,,,,,,,,,,,,,,,,,,,
28523,T4,raid_drop,Totem of Healing Rains,spell_nature_giftofthewaterspirit,Ranged,,,,8,,,yes,,,,,,https://www.wowhead.com/tbc/item=28523,,,,,,,,,,,,,,,,,,,,,,,,,,,,,,,,,
28524,T4,raid_drop,Emerald Ripper,inv_weapon_shortblade_38,Weapon,,One Hand,Dagger,,,,,,,126,189,1.8,https://www.wowhead.com/tbc/item=28524,,19,18,,,,,,,,,,,,,,,36,36,,,,,,,,,,,,,,
28525,T4,raid_drop,Signet of Unshakable Faith,inv_jewelry_ring_60,Weapon,,Off Hand,Off Hand,,,,,,,,,,https://www.wowhead.com/tbc/item=28525,,,19,21,37,13,,,,,,,,,,,22,,,,,,,,,,,,,,,,
28528,T4,raid_drop,Moroes' Lucky Pocket Watch,inv_misc_pocketwatch_02,Trinket,,,,,,,yes,,,,,,https://www.wowhead.com/tbc/item=28528,,,,,,,,,,,,,,,,,,,,,,,,,,,,,38,,,,
28529,T4,raid_drop,Royal Cloak of Arathi Kings,inv_misc_cape_10,Back,Cloth,,,,,,,,,,,,https://www.wowhead.com/tbc/item=28529,26,,31,,,,,,,,,,,,,,,,,,16,,,,,,,,,,,97,
28530,T4,raid_drop,Brooch of Unquenchable Fury,inv_jewelry_necklace_ahnqiraj_04,Neck,,,,,,,,,,,,,https://www.wowhead.com/tbc/item=28530,,,24,21,26,26,,,,,,,15,,,,,,,,,,,,,,,,,,,,
28545,T4,raid_drop,Edgewalker Longboots,inv_boots_plate_06,Feet,Leather,,,,,,,Red|Yellow,melee_hit=3,,,,https://www.wowhead.com/tbc/item=28545,,29,28,,,,,,,,,,,,,,,44,44,,13,,,,,,,,,,,250,
28565,T4,raid_drop,Nethershard Girdle,inv_belt_08,Waist,Cloth,,,,,,,,,,,,https://www.wowhead.com/tbc/item=28565,,,22,30,35,35,,,,,,,,,,,22,,,,,,,,,,,,,,,109,
28566,T4,raid_drop,Crimson Girdle of the Indomitable,inv_belt_27,Waist,Plate,,,,,,,Red|Yellow,parry=3,,,,https://www.wowhead.com/tbc/item=28566,16,,36,,,,,,,,,,,,,,,,,,,,,,,24,20,,,,,816,
28567,T4,raid_drop,Belt of Gale Force,inv_belt_22,Waist,Mail,,,,,,,,,,,,https://www.wowhead.com/tbc/item=28567,,,27,28,59,20,,,,,,,,,,,,,,,,,,,,,,,,,,457,
28568,T4,raid_drop,Idol of the Avian Heart,inv_misc_thegoldencheep,Ranged,,,,6,,,yes,,,,,,https://www.wowhead.com/tbc/item=28568,,,,,,,,,,,,,,,,,,,,,,,,,,,,,,,,,
28569,T4,raid_drop,Boots of Valiance,inv_boots_chain_05,Feet,Plate,,,,,,,,,,,,https://www.wowhead.com/tbc/item=28569,,,28,28,55,19,,,,,,,,25,,,,,,,,,,,,,,,,,,997,
28570,T4,raid_drop,Shadow-Cloak of Dalaran,inv_misc_cape_20,Back,Cloth,,,,,,,,,,,,https://www.wowhead.com/tbc/item=28570,,,19,18,36,36,,,,,,,,,,,,,,,,,,,,,,,,,,97,
28572,T4,raid_drop,Blade of the Unrequited,inv_weapon_shortblade_39,Weapon,,One Hand,Dagger,,,,,Red|Yellow|Blue,attack_power=8|ranged_attack_power=8,112,168,1.6,https://www.wowhead.com/tbc/item=28572,,,13,,,,,,,,,,,,,,,18,18,,,9,,,,,,,,,,,
28573,T4,raid_drop,Despair,inv_sword_69,Weapon,,Two Hand,Sword,,,,yes,,,319,479,3.5,https://www.wowhead.com/tbc/item=28573,52,,,,,,,,,,,,,,,,,,,,,,,,,,,,,,,,
28578,T4,raid_drop,Masquerade Gown,inv_chest_cloth_43,Chest,Cloth,,,,,,yes,,,,,,https://www.wowhead.com/tbc/item=28578,,,34,32,88,30,,,,,,,,,,,,,,,,,,,,,,,,,,194,
28579,T4,raid_drop,Romulo's Poison Vial,inv_poison_mindnumbing,Trinket,,,,,,,yes,,,,,,https://www.wowhead.com/tbc/item=28579,,,,,,,,,,,,,,,,,,,,,35,,,,,,,,,,,,
28581,T4,raid_drop,Wolfslayer Sniper Rifle,inv_weapon_rifle_23,Ranged,,,,3,,,,,,149,278,2.7,https://www.wowhead.com/tbc/item=28581,,15,,,,,,,,,,,,,,,,32,32,,,,,,,,,,,,,,
28582,T4,raid_drop,Red Riding Hood's Cloak,inv_misc_cape_18,Back,Cloth,,,,,,,,,,,,https://www.wowhead.com/tbc/item=28582,,,16,22,48,16,,,,,,,,,,,,,,,,,,,,,,,,,,97,
28583,T4,raid_drop,Big Bad Wolf's Head,inv_helmet_04,Head,Mail,,,,,,,,,,,,https://www.wowhead.com/tbc/item=28583,,,42,40,47,47,,,,,,,,28,,,,,,,,,,,,,,,,,,659,
28584,T4,raid_drop,Big Bad Wolf's Paw,inv_misc_monsterclaw_04,Weapon,,Main Hand,Fist,,,,,,,153,285,2.5,https://www.wowhead.com/tbc/item=28584,,17,18,,,,,,,,,,,,,,,,,,,20,,,,,,,,,,,
28585,T4,raid_drop,Ruby Slippers,inv_boots_cloth_09,Feet,Cloth,,,,,,,,,,,,https://www.wowhead.com/tbc/item=28585,,,33,29,35,35,,,,,,,16,,,,,,,,,,,,,,,,,,,134,
28586,T4,raid_drop,Wicked Witch's Hat,inv_helmet_30,Head,Cloth,,,,,,,,,,,,https://www.wowhead.com/tbc/item=28586,,,37,38,43,43,,,,,,,,32,,,,,,,,,,,,,,,,,,158,
28587,T4,raid_drop,Legacy,inv_axe_46,Weapon,,Two Hand,Axe,,,,,,,319,479,3.5,https://www.wowhead.com/tbc/item=28587,,40,46,,,,,,,,,,,,,,,80,80,,,,,,,,,,,,,,
28588,T4,raid_drop,Blue Diamond Witchwand,inv_wand_16,Ranged,,,,5,,,,,,169,314,1.5,https://www.wowhead.com/tbc/item=28588,,,,13,29,10,,,,,,,,,,,11,,,,,,,,,,,,,,,,
28589,T4,raid_drop,Beastmaw Pauldrons,inv_shoulder_36,Shoulder,Mail,,,,,,,,,,,,https://www.wowhead.com/tbc/item=28589,,24,22,23,,,,,,,,,,,,,,46,46,,,,,,,,,,,,,609,
28590,T4,raid_drop,Ribbon of Sacrifice,inv_misc_bandage_16,Trinket,,,,,,,yes,,,,,,https://www.wowhead.com/tbc/item=28590,,,,,73,25,,,,,,,,,,,,,,,,,,,,,,,,,,,
28591,T4,raid_drop,Earthsoul Leggings,inv_pants_mail_15,Legs,Leather,,,,,,,Yellow|Blue|Blue,spirit=4,,,,https://www.wowhead.com/tbc/item=28591,,,25,30,81,27,,,,,,,,,,,24,,,,,,,,,,,,,,,319,
28592,T4,raid_drop,Libram of Souls Redeemed,inv_relics_libramofgrace,Ranged,,,,7,,,yes,,,,,,https://www.wowhead.com/tbc/item=28592,,,,,,,,,,,,,,,,,,,,,,,,,,,,,,,,,
28593,T4,raid_drop,Eternium Greathelm,inv_helmet_03,Head,Plate,,,,,,,Red|Yellow|Blue,dodge=4,,,,https://www.wowhead.com/tbc/item=28593,31,,48,,,,,,,,,,,,,,,,,,,,,,,34,,,,,,1178,
28594,T4,raid_drop,Trial-Fire Trousers,inv_pants_cloth_05,Legs,Cloth,,,,,,,Yellow|Yellow|Yellow,healing_power=5|spell_damage=5,,,,https://www.wowhead.com/tbc/item=28594,,,42,40,49,49,,,,,,,,,,,,,,,,,,,,,,,,,,170,
28597,T4,raid_drop,Panzar'Thar Breastplate,inv_chest_plate02,Chest,Plate,,,,,,,Yellow|Blue|Blue,block_rating=4,,,,https://www.wowhead.com/tbc/item=28597,,,51,,,,,,,,,,,,,,,,,,,,,,,26,24,39,,,,1450,
28599,T4,raid_drop,Scaled Breastplate of Carnage,inv_chest_chain_07,Chest,Mail,,,,,,,,,,,,https://www.wowhead.com/tbc/item=28599,,,33,38,,,,,,,,,,,,,,80,80,,,24,,,,,,,,,,812,
28600,T4,raid_drop,Stonebough Jerkin,inv_chest_leather_07,Chest,Leather,,,,,,,,,,,,https://www.wowhead.com/tbc/item=28600,,,34,35,77,26,,,,,,,,,,,31,,,,,,,,,,,,,,,364,
28601,T4,raid_drop,Chestguard of the Conniver,inv_chest_leather_06,Chest,Leather,,,,,,,,,,,,https://www.wowhead.com/tbc/item=28601,,37,36,,,,,,,,,,,,,,,90,90,,22,,,,,,,,,,,364,
28602,T4,raid_drop,Robe of the Elder Scribes,inv_chest_cloth_12,Chest,Cloth,,,,,,yes,,,,,,https://www.wowhead.com/tbc/item=28602,,,27,29,32,32,,,,,,,,24,,,24,,,,,,,,,,,,,,,194,
28603,T4,raid_drop,Talisman of Nightbane,inv_offhand_outlandraid_01,Weapon,,Off Hand,Off Hand,,,,,,,,,,https://www.wowhead.com/tbc/item=28603,,,19,19,28,28,,,,,,,,17,,,,,,,,,,,,,,,,,,,
28604,T4,raid_drop,Nightstaff of the Everliving,inv_staff_57,Weapon,,Two Hand,Staff,,,,,,,143,290,3.2,https://www.wowhead.com/tbc/item=28604,,,33,34,348,116,,,,,,,,,,,55,,,,,,,,,,,,,,,,
28606,T4,raid_drop,Shield of Impenetrable Darkness,inv_shield_29,Weapon,,Off Hand,Shield,,,,,,,,,,https://www.wowhead.com/tbc/item=28606,,,33,,,,,,,,,,,,,,,,,,,,,,,22,,155,,,,4872,
28608,T4,raid_drop,Ironstriders of Urgency,inv_boots_plate_04,Feet,Plate,,,,,,,Red|Yellow,strength=3,,,,https://www.wowhead.com/tbc/item=28608,33,20,28,,,,,,,,,,,,,,,,,,,,,,,,,,,,,997,
28609,T4,raid_drop,Emberspur Talisman,inv_jewelry_necklace_17,Neck,,,,,,,,,,,,,https://www.wowhead.com/tbc/item=28609,,,,,66,22,,,,,,,,,,,,,,,,,,,,,,,,,,,
28610,T4,raid_drop,Ferocious Swift-Kickers,inv_boots_chain_04,Feet,Mail,,,,,,,Yellow|Blue,attack_power=6|ranged_attack_power=6,,,,https://www.wowhead.com/tbc/item=28610,,,22,21,,,,,,,,,,,,,,58,58,,,16,,,,,,,,,,558,
28611,T4,raid_drop,Dragonheart Flameshield,inv_shield_37,Weapon,,Off Hand,Shield,,,,,,,,,,https://www.wowhead.com/tbc/item=28611,,,19,21,23,23,,,,,,,,,,,,,,,,,,,,,,122,,,,4872,
28612,T4,raid_drop,Pauldrons of the Solace-Giver,inv_shoulder_25,Shoulder,Cloth,,,,,,,,,,,,https://www.wowhead.com/tbc/item=28612,,,,28,57,19,,,,,,,,,,,22,,,,,,,,,,,,,,,146,
28621,T4,raid_drop,Wrynn Dynasty Greaves,inv_pants_plate_05,Legs,Plate,,,,,,,Red|Yellow|Yellow,stamina=6,,,,https://www.wowhead.com/tbc/item=28621,24,,48,,,,,,,,,,,,,,,,,,,,,,,27,,,29,,,1269,
28631,T4,raid_drop,Dragon-Quake Shoulderguards,inv_shoulder_14,Shoulder,Mail,,,,,,,,,,,,https://www.wowhead.com/tbc/item=28631,,,28,28,64,22,,,,,,,,,,,,,,,,,,,,,,,,,,609,
28633,T4,raid_drop,Staff of Infinite Mysteries,inv_weapon_halberd17,Weapon,,Two Hand,Staff,,,,,,,143,290,3.2,https://www.wowhead.com/tbc/item=28633,,,61,51,185,185,,,,,,,23,,,,,,,,,,,,,,,,,,,,
28647,T4,raid_drop,Forest Wind Shoulderpads,inv_shoulder_01,Shoulder,Leather,,,,,,,,,,,,https://www.wowhead.com/tbc/item=28647,,,22,28,66,22,,,,,,,,,,,24,,,,,,,,,,,,,,,273,
28649,T4,raid_drop,Garona's Signet Ring,inv_jewelry_ring_47,Finger,,,,,,,,,,,,,https://www.wowhead.com/tbc/item=28649,,20,25,,,,,,,,,,,,,,,40,40,,18,,,,,,,,,,,,
28652,T4,raid_drop,Cincture of Will,inv_belt_08,Waist,Cloth,,,,,,,,,,,,https://www.wowhead.com/tbc/item=28652,,,24,28,59,20,,,,,,,,,,,25,,,,,,,,,,,,,,,109,
28653,T4,raid_drop,Shadowvine Cloak of Infusion,inv_misc_cape_05,Back,Cloth,,,,,,,,,,,,https://www.wowhead.com/tbc/item=28653,,,,21,,,,,,,,,,,,,22,,,,,,,,,,,,,,,97,
28654,T4,raid_drop,Malefic Girdle,inv_belt_03,Waist,Cloth,,,,,,,,,,,,https://www.wowhead.com/tbc/item=28654,,,27,26,37,37,,,,,,,,21,,,,,,,,,,,,,,,,,,109,
28655,T4,raid_drop,Cord of Nature's Sustenance,inv_belt_22,Waist,Leather,,,,,,,,,,,,https://www.wowhead.com/tbc/item=28655,,,24,30,64,22,,,,,,,,,,,16,,,,,,,,,,,,,,,205,
28656,T4,raid_drop,Girdle of the Prowler,inv_belt_22,Waist,Mail,,,,,,,,,,,,https://www.wowhead.com/tbc/item=28656,,25,21,22,,,,,,,,,,,,,,48,48,,17,,,,,,,,,,,457,
28657,T4,raid_drop,Fool's Bane,inv_weapon_shortblade_44,Weapon,,Main Hand,Mace,,,,,Yellow,stamina=3,159,296,2.6,https://www.wowhead.com/tbc/item=28657,,,,,,,,,,,,,,,,,,30,30,,,24,,,,,,,,,,,
28658,T4,raid_drop,Terestian's Stranglestaff,inv_staff_55,Weapon,,Two Hand,Staff,,,,,,,133,270,3,https://www.wowhead.com/tbc/item=28658,38,37,48,,,,,,,,,,,,,,,,,829,25,,,,,,,,,,,,
28659,T4,raid_drop,Xavian Stiletto,inv_weapon_shortblade_35,Ranged,,,,4,,,,,,88,133,1.4,https://www.wowhead.com/tbc/item=28659,,,,,,,,,,,,,,,,,,,,,12,20,,,,,,,,,,,
28660,T4,raid_drop,Gilded Thorium Cloak,inv_misc_cape_20,Back,Cloth,,,,,,,,,,,,https://www.wowhead.com/tbc/item=28660,,,30,,,,,,,,,,,,,,,,,,,,,,,24,,,,,,97,288
28661,T4,raid_drop,Mender's Heart-Ring,inv_jewelry_ring_36,Finger,,,,,,,,,,,,,https://www.wowhead.com/tbc/item=28661,,,18,21,44,15,,,,,,,,,,,19,,,,,,,,,,,,,,,,
28662,T4,raid_drop,Breastplate of the Lightbinder,inv_chest_plate03,Chest,Plate,,,,,,,,,,,,https://www.wowhead.com/tbc/item=28662,,,28,40,88,30,,,,,,,,,,,,,,,,,,,,,,,,,,1450,
28663,T4,raid_drop,Boots of the Incorrupt,inv_boots_fabric_01,Feet,Cloth,,,,,,,,,,,,https://www.wowhead.com/tbc/item=28663,,,24,24,57,19,,,,,,,,,,,23,,,,,,,,,,,,,,,134,
28666,T4,raid_drop,Pauldrons of the Justice-Seeker,inv_shoulder_35,Shoulder,Plate,,,,,,,,,,,,https://www.wowhead.com/tbc/item=28666,,,23,26,57,19,,,,,,,,22,,,,,,,,,,,,,,,,,,1087,
28669,T4,raid_drop,Rapscallion Boots,inv_boots_plate_06,Feet,Leather,,,,,,,,,,,,https://www.wowhead.com/tbc/item=28669,,,26,,,,,,,,,,,,,,,82,82,,,24,,,,,,,,,,250,
28670,T4,raid_drop,Boots of the Infernal Coven,inv_boots_05,Feet,Cloth,,,,,,,,,,,,https://www.wowhead.com/tbc/item=28670,,,27,27,34,34,,,,,,,,,,,23,,,,,,,,,,,,,,,134,
28671,T4,raid_drop,Steelspine Faceguard,inv_helmet_05,Head,Mail,,,,,,,,,,,,https://www.wowhead.com/tbc/item=28671,,36,34,34,,,,,,,,,,,,,,62,62,,,,,,,,,,,,,659,
28672,T4,raid_drop,Drape of the Dark Reavers,inv_misc_cape_10,Back,Cloth,,,,,,,,,,,,https://www.wowhead.com/tbc/item=28672,,24,21,,,,,,,,,,,,,,,34,34,,17,,,,,,,,,,,97,
28673,T4,raid_drop,Tirisfal Wand of Ascendancy,inv_wand_21,Ranged,,,,5,,,,,,169,314,1.5,https://www.wowhead.com/tbc/item=28673,,,10,9,15,15,,,,,,,11,,,,,,,,,,,,,,,,,,,,
28674,T4,raid_drop,Saberclaw Talisman,inv_jewelry_necklace_34,Neck,,,,,,,,,,,,,https://www.wowhead.com/tbc/item=28674,,21,33,,,,,,,,,,,,,,,46,46,,,,,,,,,,,,,,
28675,T4,raid_drop,Shermanar Great-Ring,inv_jewelry_ring_19,Finger,,,,,,,,,,,,,https://www.wowhead.com/tbc/item=28675,,,36,,,,,,,,,,,,,,,,,,,,,,,23,,,,,,,223
28726,T4,raid_drop,Mantle of the Mind Flayer,inv_shoulder_25,Shoulder,Cloth,,,,,,,,,,,,https://www.wowhead.com/tbc/item=28726,,,33,29,35,35,,,,,,,,,,23,,,,,,,,,,,,,,,,146,
28727,T4,raid_drop,Pendant of the Violet Eye,inv_trinket_naxxramas02,Trinket,,,,,,,yes,,,,,,https://www.wowhead.com/tbc/item=28727,,,,40,,,,,,,,,,,,,,,,,,,,,,,,,,,,,
28728,T4,raid_drop,Aran's Soothing Sapphire,inv_misc_gem_sapphire_02,Weapon,,Off Hand,Off Hand,,,,,,,,,,https://www.wowhead.com/tbc/item=28728,,,,22,51,17,,,,,,,,,,,,,,,,,,,,,,,,,,,
28729,T4,raid_drop,Spiteblade,inv_sword_74,Weapon,,One Hand,Sword,,,,,,,165,308,2.7,https://www.wowhead.com/tbc/item=28729,,14,16,,,,,,,,,,,,,,,46,46,,,,,,,,,,,,,,
28730,T4,raid_drop,Mithril Band of the Unscarred,inv_jewelry_ring_24,Finger,,,,,,,,,,,,,https://www.wowhead.com/tbc/item=28730,26,,24,,,,,,,,,,,,,,,,,,,22,,,,,,,,,,,
28731,T4,raid_drop,Shining Chain of the Afterworld,inv_jewelry_necklace_32,Neck,,,,,,,,,,,,,https://www.wowhead.com/tbc/item=28731,,,18,21,46,16,,,,,,,,,,,19,,,,,,,,,,,,,,,,
28732,T4,raid_drop,Cowl of Defiance,inv_helmet_58,Head,Leather,,,,,,,,,,,,https://www.wowhead.com/tbc/item=28732,,34,33,,,,,,,,,,,,,,,100,100,,24,,,,,,,,,,,296,
28733,T4,raid_drop,Girdle of Truth,inv_belt_22,Waist,Plate,,,,,,,,,,,,https://www.wowhead.com/tbc/item=28733,,,28,29,66,22,,,,,,,,,,,,,,,,,,,,,,,,,,816,
28734,T4,raid_drop,Jewel of Infinite Possibilities,inv_misc_gem_ebondraenite_02,Weapon,,Off Hand,Off Hand,,,,,,,,,,https://www.wowhead.com/tbc/item=28734,,,19,18,23,23,,,,,,,21,,,,,,,,,,,,,,,,,,,,
28735,T4,raid_drop,Earthblood Chestguard,inv_chest_plate08,Chest,Mail,,,,,,,,,,,,https://www.wowhead.com/tbc/item=28735,,,40,41,86,29,,,,,,,,,,,,,,,,,,,,,,,,,,812,
28740,T4,raid_drop,Rip-Flayer Leggings,inv_pants_plate_02,Legs,Mail,,,,,,,Red|Yellow|Blue,stamina=6,,,,https://www.wowhead.com/tbc/item=28740,,,18,30,,,,,,,,,,,,,,56,56,,,28,,,,,,,,,,710,
28741,T4,raid_drop,Skulker's Greaves,inv_pants_leather_13,Legs,Leather,,,,,,,Red|Red|Blue,dodge=4,,,,https://www.wowhead.com/tbc/item=28741,,32,28,,,,,,,,,,,,,,,64,64,,28,,,,,,,,,,,319,
28742,T4,raid_drop,Pantaloons of Repentance,inv_pants_cloth_13,Legs,Cloth,,,,,,,Red|Blue|Blue,spirit=4,,,,https://www.wowhead.com/tbc/item=28742,,,27,34,68,23,,,,,,,,,,,26,,,,,,,,,,,,,,,170,
28743,T4,raid_drop,Mantle of Abrahmis,inv_shoulder_29,Shoulder,Plate,,,,,,,Red|Yellow,dodge=3,,,,https://www.wowhead.com/tbc/item=28743,21,,43,,,,,,,,,,,,,,,,,,,,,,,23,,,,,,1087,
28744,T4,raid_drop,Uni-Mind Headdress,inv_helmet_53,Head,Cloth,,,,,,,,,,,,https://www.wowhead.com/tbc/item=28744,,,31,40,46,46,,,,,,,19,25,,,,,,,,,,,,,,,,,,158,
28745,T4,raid_drop,Mithril Chain of Heroism,inv_jewelry_necklace_06,Neck,,,,,,,,,,,,,https://www.wowhead.com/tbc/item=28745,28,22,22,,,,,,,,,,,,,,,,,,,,,,,,,,,,,,
28746,T4,raid_drop,Fiend Slayer Boots,inv_boots_chain_05,Feet,Mail,,,,,,,Red|Blue,agility=3,,,,https://www.wowhead.com/tbc/item=28746,,26,24,16,,,,,,,,,,,,,,34,34,,17,,,,,,,,,,,558,
28747,T4,raid_drop,Battlescar Boots,inv_boots_plate_06,Feet,Plate,,,,,,,Red|Blue,parry=3,,,,https://www.wowhead.com/tbc/item=28747,18,,28,,,,,,,,,,,,,,,,,,,,,,,23,,,,21,,997,
28748,T4,raid_drop,Legplates of the Innocent,inv_pants_plate_18,Legs,Plate,,,,,,,Yellow|Blue|Blue,intellect=4,,,,https://www.wowhead.com/tbc/item=28748,,,24,32,66,22,,,,,,,,21,,,,,,,,,,,,,,,,,,1269,
28749,T4,raid_drop,King's Defender,inv_sword_74,Weapon,,One Hand,Sword,,,,,,,98,182,1.6,https://www.wowhead.com/tbc/item=28749,,,28,,,,,,,,,,,,,,,,,,17,,,,,13,,,,,,182,
28750,T4,raid_drop,Girdle of Treachery,inv_belt_26,Waist,Leather,,,,,,,Red|Red,agility=3,,,,https://www.wowhead.com/tbc/item=28750,,18,37,,,,,,,,,,,,,,,58,58,,,,,,,,,,,,,205,
28751,T4,raid_drop,Heart-Flame Leggings,inv_pants_mail_15,Legs,Mail,,,,,,,Blue|Blue|Yellow,intellect=4,,,,https://www.wowhead.com/tbc/item=28751,,,36,33,90,30,,,,,,,,,,,,,,,,,,,,,,,,,,710,
28752,T4,raid_drop,Forestlord Striders,inv_boots_chain_05,Feet,Leather,,,,,,,Blue|Blue,healing_power=7|spell_damage=3,,,,https://www.wowhead.com/tbc/item=28752,,,24,27,55,19,,,,,,,,,,,16,,,,,,,,,,,,,,,250,
28753,T4,raid_drop,Ring of Recurrence,inv_jewelry_ring_15,Finger,,,,,,,,,,,,,https://www.wowhead.com/tbc/item=28753,,,15,15,32,32,,,,,,,,19,,,,,,,,,,,,,,,,,,,
28754,T4,raid_drop,Triptych Shield of the Ancients,inv_shield_31,Weapon,,Off Hand,Shield,,,,,,,,,,https://www.wowhead.com/tbc/item=28754,,,24,21,42,14,,,,,,,,,,,,,,,,,,,,,,122,,,,4872,
28755,T4,raid_drop,Bladed Shoulderpads of the Merciless,inv_shoulder_29,Shoulder,Leather,,,,,,,Yellow|Yellow,melee_hit=3,,,,https://www.wowhead.com/tbc/item=28755,,,30,,,,,,,,,,,,,,,58,58,,13,21,,,,,,,,,,273,
28756,T4,raid_drop,Headdress of the High Potentate,inv_crown_01,Head,Cloth,,,,,,,,,,,,https://www.wowhead.com/tbc/item=28756,,,37,38,81,27,,,,,,,,,,,32,,,,,,,,,,,,,,,158,
28757,T4,raid_drop,Ring of a Thousand Marks,inv_jewelry_ring_ahnqiraj_05,Finger,,,,,,,,,,,,,https://www.wowhead.com/tbc/item=28757,,,21,,,,,,,,,,,,,,,44,44,,19,23,,,,,,,,,,,
28762,T4,raid_drop,Adornment of Stolen Souls,inv_jewelry_necklace_29naxxramas,Neck,,,,,,,,,,,,,https://www.wowhead.com/tbc/item=28762,,,18,20,28,28,,,,,,,,23,,,,,,,,,,,,,,,,,,,
28763,T4,raid_drop,Jade Ring of the Everliving,inv_jewelry_ring_08,Finger,,,,,,,,,,,,,https://www.wowhead.com/tbc/item=28763,,,,,68,23,,,,,,,,,,,,,,,,,,,,,,,,,,,
28764,T4,raid_drop,Farstrider Wildercloak,inv_misc_cape_17,Back,Cloth,,,,,,,,,,,,https://www.wowhead.com/tbc/item=28764,,,36,,,,,,,,,,,,,,,70,70,,,,,,,,,,,,,105,
28765,T4,raid_drop,Stainless Cloak of the Pure Hearted,inv_misc_cape_06,Back,Cloth,,,,,,,,,,,,https://www.wowhead.com/tbc/item=28765,,,22,23,53,18,,,,,,,,,,,,,,,,,,,,,,,,,,105,
28766,T4,raid_drop,Ruby Drape of the Mysticant,inv_misc_cape_18,Back,Cloth,,,,,,,,,,,,https://www.wowhead.com/tbc/item=28766,,,22,21,30,30,,,,,,,18,,,,,,,,,,,,,,,,,,,105,
28767,T4,raid_drop,The Decapitator,inv_axe_66,Weapon,,Main Hand,Axe,,,,yes,,,167,312,2.6,https://www.wowhead.com/tbc/item=28767,,,,,,,,,,,,,,,,,,,,,,27,,,,,,,,,,,
28768,T4,raid_drop,Malchazeen,inv_weapon_shortblade_40,Weapon,,One Hand,Dagger,,,,,,,132,199,1.8,https://www.wowhead.com/tbc/item=28768,,,16,,,,,,,,,,,,,,,50,50,,15,,,,,,,,,,,,
28770,T4,raid_drop,Nathrezim Mindblade,inv_weapon_shortblade_41,Weapon,,Main Hand,Dagger,,,,,,,24,124,1.8,https://www.wowhead.com/tbc/item=28770,,,18,18,203,203,,,,,,,,23,,,,,,,,,,,,,,,,,,,
28771,T4,raid_drop,Light's Justice,inv_mace_46,Weapon,,Main Hand,Mace,,,,,,,24,124,1.8,https://www.wowhead.com/tbc/item=28771,,,16,21,382,128,,,,,,,,,,,20,,,,,,,,,,,,,,,,
28772,T4,raid_drop,Sunfury Bow of the Phoenix,inv_weapon_bow_18,Ranged,,,,1,,,,,,169,314,2.9,https://www.wowhead.com/tbc/item=28772,,19,,,,,,,,,,,,,,,,34,34,,,,,,,,,,,,,,
28773,T4,raid_drop,Gorehowl,inv_axe_60,Weapon,,Two Hand,Axe,,,,,,,345,518,3.6,https://www.wowhead.com/tbc/item=28773,49,43,51,,,,,,,,,,,,,,,,,,,,,,,,,,,,,,
28774,T4,raid_drop,Glaive of the Pit,inv_weapon_halberd16,Weapon,,Two Hand,Polearm,,,,yes,Red|Red|Red,melee_crit=4,354,532,3.7,https://www.wowhead.com/tbc/item=28774,,,,,,,,,,,,,,,,,,,,,,,,,,,,,,,,,
28775,T4,raid_drop,Thundering Greathelm,inv_helmet_58,Head,Plate,,,,,,,,,,,,https://www.wowhead.com/tbc/item=28775,50,43,49,,,,,,,,,,,,,,,,,,,,,,,,,,,,,1276,
28776,T4,raid_drop,Liar's Tongue Gloves,inv_gauntlets_19,Hands,Leather,,,,,,,Blue|Blue,melee_crit=3,,,,https://www.wowhead.com/tbc/item=28776,,,31,,,,,,,,,,,,,,,72,72,,,26,,,,,,,,,,247,
28777,T4,raid_drop,Cloak of the Pit Stalker,inv_misc_cape_14,Back,Cloth,,,,,,,,,,,,https://www.wowhead.com/tbc/item=28777,,,28,,,,,,,,,,,,,,,56,56,,,24,,,,,,,,,,105,
28778,T4,raid_drop,Terror Pit Girdle,inv_belt_20,Waist,Mail,,,,,,,Blue|Red,stamina=4,,,,https://www.wowhead.com/tbc/item=28778,,,18,22,,,,,,,,,,,,,,44,44,,,21,,,,,,,,,,495,
28779,T4,raid_drop,Girdle of the Endless Pit,inv_belt_22,Waist,Plate,,,,,,,Red|Blue,melee_crit=3,,,,https://www.wowhead.com/tbc/item=28779,34,,30,,,,,,,,,,,,,,,,,,,28,,,,,,,,,,884,
28780,T4,raid_drop,Soul-Eater's Handwraps,inv_gauntlets_15,Hands,Cloth,,,,,,,Yellow|Blue,healing_power=4|spell_damage=4,,,,https://www.wowhead.com/tbc/item=28780,,,31,24,36,36,,,,,,,,21,,,,,,,,,,,,,,,,,,132,
28781,T4,raid_drop,Karaborian Talisman,inv_offhand_draenei_a_01,Weapon,,Off Hand,Off Hand,,,,,,,,,,https://www.wowhead.com/tbc/item=28781,,,23,23,35,35,,,,,,,,,,,,,,,,,,,,,,,,,,,
28782,T4,raid_drop,Crystalheart Pulse-Staff,inv_staff_53,Weapon,,Two Hand,Staff,,,,,,,144,298,3.2,https://www.wowhead.com/tbc/item=28782,,,51,50,382,128,,,,,,,,,,,,,,,,,,,,,,,,,,,
28783,T4,raid_drop,Eredar Wand of Obliteration,inv_wand_20,Ranged,,,,5,,,,,,177,330,1.5,https://www.wowhead.com/tbc/item=28783,,,10,11,16,16,,,,,,,,14,,,,,,,,,,,,,,,,,,,
28785,T4,raid_drop,The Lightning Capacitor,inv_trinket_naxxramas06,Trinket,,,,,,,yes,,,,,,https://www.wowhead.com/tbc/item=28785,,,,,,,,,,,,,,,,,,,,,,,,,,,,,,,,,
28789,T4,raid_drop,Eye of Magtheridon,inv_elemental_mote_life01,Trinket,,,,,,,yes,,,,,,https://www.wowhead.com/tbc/item=28789,,,,,54,54,,,,,,,,,,,,,,,,,,,,,,,,,,,
28791,,worn,Ring of the Recalcitrant,inv_jewelry_ring_71,Finger,,,,,,,,,,,,,https://www.wowhead.com/tbc/item=28791,,24,27,,,,,,,,,,,,,,,54,54,,,,,,,,,,,,,,
28793,,drop,Band of Crimson Fury,inv_jewelry_ring_65,Finger,,,,,,,,,,,,,https://www.wowhead.com/tbc/item=28793,,,22,22,28,28,,,,,,,16,,,,,,,,,,,,,,,,,,,,
28794,T4,raid_drop,Axe of the Gronn Lords,inv_axe_64,Weapon,,Two Hand,Axe,,,,,,,345,518,3.6,https://www.wowhead.com/tbc/item=28794,,,66,,,,,,,,,,,,,,,124,124,,,,,,,,,,,,,,
28795,T4,raid_drop,Bladespire Warbands,inv_bracer_15,Wrist,Plate,,,,,,,Blue|Red,strength=3,,,,https://www.wowhead.com/tbc/item=28795,20,,16,,,,,,,,,,,,,,,,,,,24,,,,,,,,,,687,
28796,T4,raid_drop,Malefic Mask of the Shadows,inv_helmet_58,Head,Leather,,,,,,,,,,,,https://www.wowhead.com/tbc/item=28796,,,45,,,,,,,,,,,,,,,84,84,,31,42,,,,,,,,,,321,
28797,T4,raid_drop,Brute Cloak of the Ogre-Magi,inv_misc_cape_16,Back,Cloth,,,,,,,,,,,,https://www.wowhead.com/tbc/item=28797,,,18,20,28,28,,,,,,,,23,,,,,,,,,,,,,,,,,,105,
28799,T4,raid_drop,Belt of Divine Inspiration,inv_belt_03,Waist,Cloth,,,,,,,Yellow|Blue,healing_power=4|spell_damage=4,,,,https://www.wowhead.com/tbc/item=28799,,,27,26,43,43,,,,,,,,,,,,,,,,,,,,,,,,,,118,
28800,T4,raid_drop,Hammer of the Naaru,inv_hammer_28,Weapon,,Two Hand,Mace,,,,,Red|Red|Blue,intellect=4,345,518,3.6,https://www.wowhead.com/tbc/item=28800,44,,41,37,,,,,,,,,,,,,,,,,,,,,,,,,,,,,
28801,T4,raid_drop,Maulgar's Warhelm,inv_helmet_23,Head,Mail,,,,,,,,,,,,https://www.wowhead.com/tbc/item=28801,,,43,31,,,,,,,,,,,,,,86,86,,,42,,,,,,,,,,715,
28802,T4,raid_drop,Bloodmaw Magus-Blade,inv_sword_65,Weapon,,Main Hand,Sword,,,,,,,36,136,1.8,https://www.wowhead.com/tbc/item=28802,,,16,15,203,203,,,,,,,,25,,,,,,,,,,,,,,,,,,,
28803,T4,raid_drop,Cowl of Nature's Breath,inv_helmet_15,Head,Leather,,,,,,,,,,,,https://www.wowhead.com/tbc/item=28803,,,34,42,92,31,,,,,,,,,,,34,,,,,,,,,,,,,,,321,
28804,T4,raid_drop,Collar of Cho'gall,inv_helmet_27,Head,Cloth,,,,,,,,,,,,https://www.wowhead.com/tbc/item=28804,,,42,36,68,68,,,,,,,,,,,,,,,,,,,,,,,,,,171,
28810,T4,raid_drop,Windshear Boots,inv_boots_chain_05,Feet,Mail,,,,,,,,,,,,https://www.wowhead.com/tbc/item=28810,,,37,32,39,39,,,,,,,18,,,,,,,,,,,,,,,,,,,605,
28822,T4,raid_drop,Teeth of Gruul,inv_misc_bone_09,Neck,,,,,,,,,,,,,https://www.wowhead.com/tbc/item=28822,,,,21,46,16,,,,,,,,,,,19,,,,,,,,,,,,,,,,
28823,T4,raid_drop,Eye of Gruul,spell_shadow_unholyfrenzy,Trinket,,,,,,,yes,,,,,,https://www.wowhead.com/tbc/item=28823,,,,,44,15,,,,,,,,,,,,,,,,,,,,,,,,,,,
28824,T4,raid_drop,Gauntlets of Martial Perfection,inv_gauntlets_31,Hands,Plate,,,,,,,Blue|Yellow,strength=3,,,,https://www.wowhead.com/tbc/item=28824,36,,34,,,,,,,,,,,,,,,,,,,23,,,,,,,,,,982,
28825,T4,raid_drop,Aldori Legacy Defender,inv_shield_30,Weapon,,Off Hand,Shield,,,,,Blue,defense=2,,,,https://www.wowhead.com/tbc/item=28825,,,39,,,,,,,,,,,,,,,,,,15,,,,,19,,137,,,,5279,
28826,T4,raid_drop,Shuriken of Negation,inv_misc_ahnqirajtrinket_03,Ranged,,,,4,,,,,,79,120,1.2,https://www.wowhead.com/tbc/item=28826,,,19,,,,,,,,,,,,,,,42,42,,,,,,,,,,,,,,
28827,T4,raid_drop,Gauntlets of the Dragonslayer,inv_gauntlets_25,Hands,Mail,,,,,,,Red|Red,intellect=3,,,,https://www.wowhead.com/tbc/item=28827,,24,27,27,,,,,,,,,,,,,,48,48,,,,,,,,,,,,,550,
28828,T4,raid_drop,Gronn-Stitched Girdle,inv_belt_26,Waist,Leather,,,,,,,Blue|Yellow,melee_crit=3,,,,https://www.wowhead.com/tbc/item=28828,,,27,,,,,,,,,,,,,,,72,72,,,25,,,,,,,,,,222,
28830,T4,raid_drop,Dragonspine Trophy,inv_misc_bone_03,Trinket,,,,,,,yes,,,,,,https://www.wowhead.com/tbc/item=28830,,,,,,,,,,,,,,,,,,40,40,,,,,,,,,,,,,,
28919,,drop,High Warlord's Maul,inv_hammer_04,Weapon,,Two Hand,Mace,,,,,,,159,294,3.6,https://www.wowhead.com/tbc/item=28919,28,,42,,,,,,,,,,,,,,,,,539,18,28,,,,,,,,,19,,
28931,,drop,High Warlord's Spellblade,inv_weapon_shortblade_26,Weapon,,Main Hand,Dagger,,,,,,,31,101,1.6,https://www.wowhead.com/tbc/item=28931,,,18,13,121,121,,,,,,,13,,,,,,,,,,,,,,,,,,13,,
28935,,drop,High Warlord's War Staff,inv_misc_bone_elfskull_01,Weapon,,Two Hand,Staff,,,,,,,133,245,3,https://www.wowhead.com/tbc/item=28935,,,40,30,121,121,,,,,,,20,30,,,,,,,,,,,,,,,,,20,,
28959,,drop,Grand Marshal's War Staff,inv_staff_07,Weapon,,Two Hand,Staff,,,,,,,133,245,3,https://www.wowhead.com/tbc/item=28959,,,40,30,121,121,,,,,,,20,30,,,,,,,,,,,,,,,,,20,,
28963,T4,tier_vendor,Voidheart Crown,inv_crown_01,Head,Cloth,,,,Voidheart Raiment,Warlock,,Meta|Red,spell_hit=4,,,,https://www.wowhead.com/tbc/item=28963,,,39,36,40,40,,,,,,,,19,,,,,,,,,,,,,,,,,,164,
28964,T4,tier_vendor,Voidheart Robe,inv_chest_cloth_43,Chest,Cloth,,,,Voidheart Raiment,Warlock,,Yellow|Yellow|Red,stamina=6,,,,https://www.wowhead.com/tbc/item=28964,,,42,33,42,42,,,,,,,13,,,,,,,,,,,,,,,,,,,202,
28966,T4,tier_vendor,Voidheart Leggings,inv_pants_cloth_05,Legs,Cloth,,,,Voidheart Raiment,Warlock,,,,,,,https://www.wowhead.com/tbc/item=28966,,,42,38,49,49,,,,,,,17,25,,,,,,,,,,,,,,,,,,177,
28967,T4,tier_vendor,Voidheart Mantle,inv_shoulder_25,Shoulder,Cloth,,,,Voidheart Raiment,Warlock,,Blue|Yellow,healing_power=4|spell_damage=4,,,,https://www.wowhead.com/tbc/item=28967,,,26,22,37,37,,,,,,,14,,,,,,,,,,,,,,,,,,,152,
28968,T4,tier_vendor,Voidheart Gloves,inv_gauntlets_17,Hands,Cloth,,,,Voidheart Raiment,Warlock,,,,,,,https://www.wowhead.com/tbc/item=28968,,,34,28,35,35,,,,,,,,22,,,,,,,,,,,,,,,,,,126,
29011,T4,tier_vendor,Warbringer Greathelm,inv_helmet_58,Head,Plate,,,,Warbringer Armor,Warrior,,Meta|Yellow,block_rating=4,,,,https://www.wowhead.com/tbc/item=29011,15,17,53,,,,,,,,,,,,,,,,,,,,,,,24,19,39,,,,1227,
29012,T4,tier_vendor,Warbringer Chestguard,inv_chest_plate02,Chest,Plate,,,,Warbringer Armor,Warrior,,Yellow|Yellow|Red,dodge=4,,,,https://www.wowhead.com/tbc/item=29012,16,17,48,,,,,,,,,,,,,,,,,,,,,,,22,23,45,,,,1510,
29015,T4,tier_vendor,Warbringer Legguards,inv_pants_plate_05,Legs,Plate,,,,Warbringer Armor,Warrior,,,,,,,https://www.wowhead.com/tbc/item=29015,24,24,55,,,,,,,,,,,,,,,,,,,,,,,33,,,35,,,1322,
29016,T4,tier_vendor,Warbringer Shoulderguards,inv_shoulder_29,Shoulder,Plate,,,,Warbringer Armor,Warrior,,Red|Yellow,defense=3,,,,https://www.wowhead.com/tbc/item=29016,14,15,38,,,,,,,,,,,,,,,,,,,,,,,17,,,26,,,1133,
29017,T4,tier_vendor,Warbringer Handguards,inv_gauntlets_28,Hands,Plate,,,,Warbringer Armor,Warrior,,,,,,,https://www.wowhead.com/tbc/item=29017,17,20,38,,,,,,,,,,,,,,,,,,,,,,,23,,,,29,,944,
29019,T4,tier_vendor,Warbringer Breastplate,inv_chest_plate02,Chest,Plate,,,,Warbringer Battlegear,Warrior,,Yellow|Blue|Blue,melee_crit=4,,,,https://www.wowhead.com/tbc/item=29019,44,,39,,,,,,,,,,,,,,,,,,,26,,,,,,,,,,1510,
29020,T4,tier_vendor,Warbringer Gauntlets,inv_gauntlets_28,Hands,Plate,,,,Warbringer Battlegear,Warrior,,,,,,,https://www.wowhead.com/tbc/item=29020,34,23,33,,,,,,,,,,,,,,,,,,18,,,,,,,,,,,944,
29021,T4,tier_vendor,Warbringer Battle-Helm,inv_helmet_58,Head,Plate,,,,Warbringer Battlegear,Warrior,,Meta|Yellow,melee_hit=4,,,,https://www.wowhead.com/tbc/item=29021,45,,45,,,,,,,,,,,,,,,,,,14,24,,,,,,,,,,1227,
29022,T4,tier_vendor,Warbringer Greaves,inv_pants_plate_05,Legs,Plate,,,,Warbringer Battlegear,Warrior,,,,,,,https://www.wowhead.com/tbc/item=29022,51,,54,,,,,,,,,,,,,,,,,,,37,,,,,,,,,,1322,
29023,T4,tier_vendor,Warbringer Shoulderplates,inv_shoulder_29,Shoulder,Plate,,,,Warbringer Battlegear,Warrior,,Yellow|Blue,strength=3,,,,https://www.wowhead.com/tbc/item=29023,32,22,33,,,,,,,,,,,,,,,,,,13,,,,,,,,,,,1133,
29028,T4,tier_vendor,Cyclone Headdress,inv_helmet_15,Head,Mail,,,,Cyclone Raiment,Shaman,,Meta|Blue,healing_power=9|spell_damage=3,,,,https://www.wowhead.com/tbc/item=29028,,,30,41,75,25,,,,,,,,,,,,,,,,,,,,,,,,,,687,
29029,T4,tier_vendor,Cyclone Hauberk,inv_chest_chain_15,Chest,Mail,,,,Cyclone Raiment,Shaman,,Red|Yellow|Blue,intellect=4,,,,https://www.wowhead.com/tbc/item=29029,,,36,30,68,23,,,,,,,,,,,,,,,,,,,,,,,,,,846,
29030,T4,tier_vendor,Cyclone Kilt,inv_pants_mail_15,Legs,Mail,,,,Cyclone Raiment,Shaman,,,,,,,https://www.wowhead.com/tbc/item=29030,,,42,40,95,32,,,,,,,,,,,,,,,,,,,,,,,,,,740,
29031,T4,tier_vendor,Cyclone Shoulderpads,inv_shoulder_14,Shoulder,Mail,,,,Cyclone Raiment,Shaman,,Blue|Blue,35=1,,,,https://www.wowhead.com/tbc/item=29031,,,33,32,68,23,,,,,,,,,,,,,,,,,,,,,,,,,,634,
29032,T4,tier_vendor,Cyclone Gloves,inv_gauntlets_25,Hands,Mail,,,,Cyclone Raiment,Shaman,,,,,,,https://www.wowhead.com/tbc/item=29032,,,28,28,68,23,,,,,,,,,,,,,,,,,,,,,,,,,,528,
29033,T4,tier_vendor,Cyclone Chestguard,inv_chest_chain_15,Chest,Mail,,,,Cyclone Regalia,Shaman,,Red|Yellow|Blue,spell_hit=4,,,,https://www.wowhead.com/tbc/item=29033,,,33,32,39,39,,,,,,,,20,,,,,,,,,,,,,,,,,,846,
29034,T4,tier_vendor,Cyclone Handguards,inv_gauntlets_25,Hands,Mail,,,,Cyclone Regalia,Shaman,,,,,,,https://www.wowhead.com/tbc/item=29034,,,26,29,34,34,,,,,,,19,,,,,,,,,,,,,,,,,,,528,
29035,T4,tier_vendor,Cyclone Faceguard,inv_helmet_15,Head,Mail,,,,Cyclone Regalia,Shaman,,Meta|Yellow,healing_power=5|spell_damage=5,,,,https://www.wowhead.com/tbc/item=29035,,,30,31,39,39,,,,,,,,25,,,,,,,,,,,,,,,,,,687,
29036,T4,tier_vendor,Cyclone Legguards,inv_pants_mail_15,Legs,Mail,,,,Cyclone Regalia,Shaman,,,,,,,https://www.wowhead.com/tbc/item=29036,,,40,40,49,49,,,,,,,20,,,,,,,,,,,,,,,,,,,740,
29037,T4,tier_vendor,Cyclone Shoulderguards,inv_shoulder_14,Shoulder,Mail,,,,Cyclone Regalia,Shaman,,Yellow|Yellow,healing_power=4|spell_damage=4,,,,https://www.wowhead.com/tbc/item=29037,,,28,26,36,36,,,,,,,,12,,,,,,,,,,,,,,,,,,634,
29038,T4,tier_vendor,Cyclone Breastplate,inv_chest_chain_15,Chest,Mail,,,,Cyclone Harness,Shaman,,Red|Red|Yellow,strength=4,,,,https://www.wowhead.com/tbc/item=29038,33,,31,23,,,,,,,,,,,,,,,,,,25,,,,,,,,,,846,
29039,T4,tier_vendor,Cyclone Gauntlets,inv_gauntlets_25,Hands,Mail,,,,Cyclone Harness,Shaman,,,,,,,https://www.wowhead.com/tbc/item=29039,27,21,26,24,,,,,,,,,,,,,,,,,19,,,,,,,,,,,528,
29040,T4,tier_vendor,Cyclone Helm,inv_helmet_15,Head,Mail,,,,Cyclone Harness,Shaman,,Meta|Red,melee_hit=4,,,,https://www.wowhead.com/tbc/item=29040,36,27,40,27,,,,,,,,,,,,,,,,,,,,,,,,,,,,687,
29042,T4,tier_vendor,Cyclone War-Kilt,inv_pants_mail_15,Legs,Mail,,,,Cyclone Harness,Shaman,,,,,,,https://www.wowhead.com/tbc/item=29042,35,35,52,24,,,,,,,,,,,,,,,,,,,,,,,,,,,,740,
29043,T4,tier_vendor,Cyclone Shoulderplates,inv_shoulder_14,Shoulder,Mail,,,,Cyclone Harness,Shaman,,Red|Yellow,melee_hit=3,,,,https://www.wowhead.com/tbc/item=29043,26,18,31,18,,,,,,,,,,,,,,,,,14,,,,,,,,,,,634,
29044,T4,tier_vendor,Netherblade Facemask,inv_helmet_58,Head,Leather,,,,Netherblade,Rogue,,Meta|Red,agility=4,,,,https://www.wowhead.com/tbc/item=29044,,28,39,,,,,,,,,,,,,,,78,78,,14,,,,,,,,,,,308,
29045,T4,tier_vendor,Netherblade Chestpiece,inv_chest_plate02,Chest,Leather,,,,Netherblade,Rogue,,Red|Yellow|Blue,agility=4,,,,https://www.wowhead.com/tbc/item=29045,,35,39,,,,,,,,,,,,,,,74,74,,11,,,,,,,,,,,379,
29046,T4,tier_vendor,Netherblade Breeches,inv_pants_plate_05,Legs,Leather,,,,Netherblade,Rogue,,,,,,,https://www.wowhead.com/tbc/item=29046,,43,40,,,,,,,,,,,,,,,84,84,,26,,,,,,,,,,,332,
29047,T4,tier_vendor,Netherblade Shoulderpads,inv_shoulder_29,Shoulder,Leather,,,,Netherblade,Rogue,,Red|Red,stamina=4,,,,https://www.wowhead.com/tbc/item=29047,,20,38,,,,,,,,,,,,,,,52,52,,13,,,,,,,,,,,284,
29048,T4,tier_vendor,Netherblade Gloves,inv_gauntlets_28,Hands,Leather,,,,Netherblade,Rogue,,,,,,,https://www.wowhead.com/tbc/item=29048,,,34,,,,,,,,,,,,,,,72,72,,17,25,,,,,,,,,,237,
29049,T4,tier_vendor,Light-Collar of the Incarnate,inv_crown_01,Head,Cloth,,,,Incarnate Raiment,Priest,,Meta|Blue,healing_power=9|spell_damage=3,,,,https://www.wowhead.com/tbc/item=29049,,,28,34,73,25,,,,,,,,,,,25,,,,,,,,,,,,,,,164,
29050,T4,tier_vendor,Robes of the Incarnate,inv_chest_cloth_43,Chest,Cloth,,,,Incarnate Raiment,Priest,,Red|Blue|Blue,intellect=4,,,,https://www.wowhead.com/tbc/item=29050,,,30,32,88,30,,,,,,,,,,,20,,,,,,,,,,,,,,,202,
29053,T4,tier_vendor,Trousers of the Incarnate,inv_pants_cloth_05,Legs,Cloth,,,,Incarnate Raiment,Priest,,,,,,,https://www.wowhead.com/tbc/item=29053,,,39,37,88,30,,,,,,,,,,,36,,,,,,,,,,,,,,,177,
29054,T4,tier_vendor,Light-Mantle of the Incarnate,inv_shoulder_25,Shoulder,Cloth,,,,Incarnate Raiment,Priest,,Red|Blue,stamina=4,,,,https://www.wowhead.com/tbc/item=29054,,,19,30,53,18,,,,,,,,,,,22,,,,,,,,,,,,,,,152,
29055,T4,tier_vendor,Handwraps of the Incarnate,inv_gauntlets_17,Hands,Cloth,,,,Incarnate Raiment,Priest,,,,,,,https://www.wowhead.com/tbc/item=29055,,,28,26,57,19,,,,,,,,,,,18,,,,,,,,,,,,,,,126,
29056,T4,tier_vendor,Shroud of the Incarnate,inv_chest_cloth_43,Chest,Cloth,,,,Incarnate Regalia,Priest,,Red|Blue|Blue,spell_crit=4,,,,https://www.wowhead.com/tbc/item=29056,,,28,25,46,46,,,,,,,17,,,,21,,,,,,,,,,,,,,,202,
29057,T4,tier_vendor,Gloves of the Incarnate,inv_gauntlets_17,Hands,Cloth,,,,Incarnate Regalia,Priest,,,,,,,https://www.wowhead.com/tbc/item=29057,,,28,26,30,30,,,,,,,,24,,,21,,,,,,,,,,,,,,,126,
29058,T4,tier_vendor,Soul-Collar of the Incarnate,inv_crown_01,Head,Cloth,,,,Incarnate Regalia,Priest,,Meta|Yellow,healing_power=5|spell_damage=5,,,,https://www.wowhead.com/tbc/item=29058,,,28,35,39,39,,,,,,,16,,,,24,,,,,,,,,,,,,,,164,
29059,T4,tier_vendor,Leggings of the Incarnate,inv_pants_cloth_05,Legs,Cloth,,,,Incarnate Regalia,Priest,,,,,,,https://www.wowhead.com/tbc/item=29059,,,37,38,43,43,,,,,,,,25,,,27,,,,,,,,,,,,,,,177,
29060,T4,tier_vendor,Soul-Mantle of the Incarnate,inv_shoulder_25,Shoulder,Cloth,,,,Incarnate Regalia,Priest,,Red|Blue,spell_hit=3,,,,https://www.wowhead.com/tbc/item=29060,,,22,28,29,29,,,,,,,,,,,18,,,,,,,,,,,,,,,152,
29061,T4,tier_vendor,Justicar Diadem,inv_helmet_15,Head,Plate,,,,Justicar Raiment,Paladin,,Red|Meta,35=2,,,,https://www.wowhead.com/tbc/item=29061,,,32,33,75,25,,,,,,,,28,,,,,,,,,,,,,,,,,,1227,
29062,T4,tier_vendor,Justicar Chestpiece,inv_chest_chain_15,Chest,Plate,,,,Justicar Raiment,Paladin,,Blue|Blue|Yellow,stamina=6,,,,https://www.wowhead.com/tbc/item=29062,,,28,35,90,30,,,,,,,,17,,,,,,,,,,,,,,,,,,1510,
29063,T4,tier_vendor,Justicar Leggings,inv_pants_mail_15,Legs,Plate,,,,Justicar Raiment,Paladin,,,,,,,https://www.wowhead.com/tbc/item=29063,,,43,42,88,30,,,,,,,,,,,,,,,,,,,,,,,,,,1322,
29064,T4,tier_vendor,Justicar Pauldrons,inv_shoulder_14,Shoulder,Plate,,,,Justicar Raiment,Paladin,,Blue|Yellow,intellect=3,,,,https://www.wowhead.com/tbc/item=29064,,,31,24,68,23,,,,,,,,,,,,,,,,,,,,,,,,,,1133,
29065,T4,tier_vendor,Justicar Gloves,inv_gauntlets_25,Hands,Plate,,,,Justicar Raiment,Paladin,,,,,,,https://www.wowhead.com/tbc/item=29065,,,29,30,75,25,,,,,,,,22,,,,,,,,,,,,,,,,,,944,
29066,T4,tier_vendor,Justicar Chestguard,inv_chest_chain_15,Chest,Plate,,,,Justicar Armor,Paladin,,Red|Blue|Yellow,defense=4,,,,https://www.wowhead.com/tbc/item=29066,,,48,30,27,27,,,,,,,,,,,,,,,,,,,,23,23,,,,,1510,
29067,T4,tier_vendor,Justicar Handguards,inv_gauntlets_25,Hands,Plate,,,,Justicar Armor,Paladin,,,,,,,https://www.wowhead.com/tbc/item=29067,,,34,24,27,27,,,,,,,,,,,,,,,,,,,,23,,35,,,,944,
29068,T4,tier_vendor,Justicar Faceguard,inv_helmet_15,Head,Plate,,,,Justicar Armor,Paladin,,Yellow|Meta,dodge=4,,,,https://www.wowhead.com/tbc/item=29068,,,43,24,27,27,,,,,,,,,,,,,,,,,,,,29,,,24,,,1227,
29069,T4,tier_vendor,Justicar Legguards,inv_pants_mail_15,Legs,Plate,,,,Justicar Armor,Paladin,,,,,,,https://www.wowhead.com/tbc/item=29069,,,46,31,36,36,,,,,,,,,,,,,,,,,,,,31,,,,31,,1322,
29070,T4,tier_vendor,Justicar Shoulderguards,inv_shoulder_14,Shoulder,Plate,,,,Justicar Armor,Paladin,,Blue|Yellow,stamina=4,,,,https://www.wowhead.com/tbc/item=29070,,,37,14,26,26,,,,,,,,,,,,,,,,,,,,15,17,27,,,,1133,
29071,T4,tier_vendor,Justicar Breastplate,inv_chest_chain_15,Chest,Plate,,,,Justicar Battlegear,Paladin,,Red|Red|Blue,stamina=6,,,,https://www.wowhead.com/tbc/item=29071,42,,24,33,,,,,,,,,,,,,,,,,,25,,,,,,,,,,1510,
29072,T4,tier_vendor,Justicar Gauntlets,inv_gauntlets_25,Hands,Plate,,,,Justicar Battlegear,Paladin,,,,,,,https://www.wowhead.com/tbc/item=29072,38,,29,24,,,,,,,,,,,,,,,,,,24,,,,,,,,,,944,
29073,T4,tier_vendor,Justicar Crown,inv_helmet_15,Head,Plate,,,,Justicar Battlegear,Paladin,,Red|Meta,melee_hit=4,,,,https://www.wowhead.com/tbc/item=29073,43,22,33,31,,,,,,,,,,,,,,,,,,,,,,,,,,,,1227,
29074,T4,tier_vendor,Justicar Greaves,inv_pants_mail_15,Legs,Plate,,,,Justicar Battlegear,Paladin,,,,,,,https://www.wowhead.com/tbc/item=29074,53,24,34,24,,,,,,,,,,,,,,,,,23,,,,,,,,,,,1322,
29075,T4,tier_vendor,Justicar Shoulderplates,inv_shoulder_14,Shoulder,Plate,,,,Justicar Battlegear,Paladin,,Yellow|Red,melee_hit=3,,,,https://www.wowhead.com/tbc/item=29075,36,13,24,15,,,,,,,,,,,,,,,,,16,,,,,,,,,,,1133,
29076,T4,tier_vendor,Collar of the Aldor,inv_crown_01,Head,Cloth,,,,Aldor Regalia,Mage,,Meta|Blue,healing_power=5|spell_damage=5,,,,https://www.wowhead.com/tbc/item=29076,,,24,35,41,41,,,,,,,,27,,,17,,,,,,,,,,,,,,,164,
29077,T4,tier_vendor,Vestments of the Aldor,inv_chest_cloth_43,Chest,Cloth,,,,Aldor Regalia,Mage,,Yellow|Blue|Blue,healing_power=5|spell_damage=5,,,,https://www.wowhead.com/tbc/item=29077,,,34,32,49,49,,,,,,,,,,20,14,,,,,,,,,,,,,,,202,
29078,T4,tier_vendor,Legwraps of the Aldor,inv_pants_cloth_05,Legs,Cloth,,,,Aldor Regalia,Mage,,,,,,,https://www.wowhead.com/tbc/item=29078,,,31,40,49,49,,,,,,,24,,,,23,,,,,,,,,,,,,,,177,
29079,T4,tier_vendor,Pauldrons of the Aldor,inv_shoulder_25,Shoulder,Cloth,,,,Aldor Regalia,Mage,,Yellow|Red,healing_power=4|spell_damage=4,,,,https://www.wowhead.com/tbc/item=29079,,,25,26,27,27,,,,,,,,15,,,16,,,,,,,,,,,,,,,152,
29080,T4,tier_vendor,Gloves of the Aldor,inv_gauntlets_17,Hands,Cloth,,,,Aldor Regalia,Mage,,,,,,,https://www.wowhead.com/tbc/item=29080,,,19,22,35,35,,,,,,,17,19,,,19,,,,,,,,,,,,,,,126,
29081,T4,tier_vendor,Demon Stalker Greathelm,inv_helmet_15,Head,Mail,,,,Demon Stalker Armor,Hunter,,Yellow|Meta,agility=4,,,,https://www.wowhead.com/tbc/item=29081,,35,28,27,,,,,,,,,,,,,,66,66,,,,,,,,,,,,,687,
29082,T4,tier_vendor,Demon Stalker Harness,inv_chest_chain_15,Chest,Mail,,,,Demon Stalker Armor,Hunter,,Red|Blue|Blue,attack_power=8|ranged_attack_power=8,,,,https://www.wowhead.com/tbc/item=29082,,26,24,35,,,,,,,,,,,,,,70,70,,,,,,,,,,,,,846,
29083,T4,tier_vendor,Demon Stalker Greaves,inv_pants_mail_15,Legs,Mail,,,,Demon Stalker Armor,Hunter,,,,,,,https://www.wowhead.com/tbc/item=29083,,40,30,30,,,,,,,,,,,,,,82,82,,15,,,,,,,,,,,740,
29084,T4,tier_vendor,Demon Stalker Shoulderguards,inv_shoulder_14,Shoulder,Mail,,,,Demon Stalker Armor,Hunter,,Red|Yellow,intellect=3,,,,https://www.wowhead.com/tbc/item=29084,,,23,23,,,,,,,,,,,,,,44,44,,,19,,,,,,,,,,634,
29085,T4,tier_vendor,Demon Stalker Gauntlets,inv_gauntlets_25,Hands,Mail,,,,Demon Stalker Armor,Hunter,,,,,,,https://www.wowhead.com/tbc/item=29085,,28,24,24,,,,,,,,,,,,,,58,58,,,,,,,,,,,,,528,
29086,T4,tier_vendor,Crown of Malorne,inv_helmet_15,Head,Leather,,,,Malorne Raiment,Druid,,Red|Meta,intellect=4,,,,https://www.wowhead.com/tbc/item=29086,,,28,27,68,23,,,,,,,,,,,25,,,,,,,,,,,,,,,308,
29087,T4,tier_vendor,Chestguard of Malorne,inv_chest_chain_15,Chest,Leather,,,,Malorne Raiment,Druid,,Yellow|Blue|Blue,healing_power=9|spell_damage=3,,,,https://www.wowhead.com/tbc/item=29087,,,28,29,88,30,,,,,,,,,,,25,,,,,,,,,,,,,,,379,
29088,T4,tier_vendor,Legguards of Malorne,inv_pants_mail_15,Legs,Leather,,,,Malorne Raiment,Druid,,,,,,,https://www.wowhead.com/tbc/item=29088,,,30,38,84,28,,,,,,,,,,,26,,,,,,,,,,,,,,,332,
29089,T4,tier_vendor,Shoulderguards of Malorne,inv_shoulder_14,Shoulder,Leather,,,,Malorne Raiment,Druid,,Blue|Blue,spirit=3,,,,https://www.wowhead.com/tbc/item=29089,,,19,23,68,23,,,,,,,,,,,19,,,,,,,,,,,,,,,284,
29090,T4,tier_vendor,Handguards of Malorne,inv_gauntlets_25,Hands,Leather,,,,Malorne Raiment,Druid,,,,,,,https://www.wowhead.com/tbc/item=29090,,,22,25,62,21,,,,,,,,,,,24,,,,,,,,,,,,,,,237,
29091,T4,tier_vendor,Chestpiece of Malorne,inv_chest_chain_15,Chest,Leather,,,,Malorne Regalia,Druid,,Yellow|Yellow|Blue,spell_hit=4,,,,https://www.wowhead.com/tbc/item=29091,,,28,27,46,46,,,,,,,19,,,,19,,,,,,,,,,,,,,,379,
29092,T4,tier_vendor,Gloves of Malorne,inv_gauntlets_25,Hands,Leather,,,,Malorne Regalia,Druid,,,,,,,https://www.wowhead.com/tbc/item=29092,,,24,27,33,33,,,,,,,,18,,,21,,,,,,,,,,,,,,,237,
29093,T4,tier_vendor,Antlers of Malorne,inv_helmet_15,Head,Leather,,,,Malorne Regalia,Druid,,Red|Meta,spell_hit=4,,,,https://www.wowhead.com/tbc/item=29093,,,28,29,36,36,,,,,,,,24,,,22,,,,,,,,,,,,,,,308,
29094,T4,tier_vendor,Britches of Malorne,inv_pants_mail_15,Legs,Leather,,,,Malorne Regalia,Druid,,,,,,,https://www.wowhead.com/tbc/item=29094,,,32,35,44,44,,,,,,,,25,,,18,,,,,,,,,,,,,,,332,
29095,T4,tier_vendor,Pauldrons of Malorne,inv_shoulder_14,Shoulder,Leather,,,,Malorne Regalia,Druid,,Blue|Yellow,healing_power=4|spell_damage=4,,,,https://www.wowhead.com/tbc/item=29095,,,21,24,36,36,,,,,,,,,,,17,,,,,,,,,,,,,,,284,
29096,T4,tier_vendor,Breastplate of Malorne,inv_chest_chain_15,Chest,Leather,,,,Malorne Harness,Druid,,Yellow|Blue|Red,melee_hit=4,,,,https://www.wowhead.com/tbc/item=29096,33,34,36,13,,,,,,,,,,,,,,,,,,,,,,,,,,,,379,280
29097,T4,tier_vendor,Gauntlets of Malorne,inv_gauntlets_25,Hands,Leather,,,,Malorne Harness,Druid,,,,,,,https://www.wowhead.com/tbc/item=29097,32,24,28,12,,,,,,,,,,,,,,,,,,,,,,,,,,,,237,238
29098,T4,tier_vendor,Stag-Helm of Malorne,inv_helmet_15,Head,Leather,,,,Malorne Harness,Druid,,Yellow|Meta,agility=4,,,,https://www.wowhead.com/tbc/item=29098,41,33,30,19,,,,,,,,,,,,,,,,,,,,,,,,,,,,308,182
29099,T4,tier_vendor,Greaves of Malorne,inv_pants_mail_15,Legs,Leather,,,,Malorne Harness,Druid,,,,,,,https://www.wowhead.com/tbc/item=29099,42,32,39,26,,,,,,,,,,,,,,,,,,,,,,,,,,,,332,308
29100,T4,tier_vendor,Mantle of Malorne,inv_shoulder_14,Shoulder,Leather,,,,Malorne Harness,Druid,,Blue|Blue,melee_crit=3,,,,https://www.wowhead.com/tbc/item=29100,33,27,25,9,,,,,,,,,,,,,,,,,,,,,,,,,,,,284,126
29121,,drop,Guile of Khoraazi,inv_weapon_shortblade_31,Weapon,,One Hand,Dagger,,,,,,,104,156,1.6,https://www.wowhead.com/tbc/item=29121,,19,,,,,,,,,,,,,,,,38,38,,,,,,,,,,,,,,
29124,,drop,Vindicator's Brand,inv_sword_draenei_01,Weapon,,One Hand,Sword,,,,,,,147,275,2.6,https://www.wowhead.com/tbc/item=29124,,,,,,,,,,,,,,,,,,38,38,,19,,,,,,,,,,,,
29130,,drop,Auchenai Staff,inv_staff_14,Weapon,,Two Hand,Staff,,,,,,,93,172,2.1,https://www.wowhead.com/tbc/item=29130,,,,46,121,121,,,,,,,19,26,,,,,,,,,,,,,,,,,,,
29132,,drop,Scryer's Bloodgem,inv_misc_gem_bloodstone_02,Trinket,,,,,,,yes,,,,,,https://www.wowhead.com/tbc/item=29132,,,,,,,,,,,,,32,,,,,,,,,,,,,,,,,,,,
29133,,drop,Seer's Cane,inv_staff_38,Weapon,,Two Hand,Staff,,,,,,,93,172,2.1,https://www.wowhead.com/tbc/item=29133,,,28,46,228,76,,,,,,,,,,,,,,,,,,,,,,,,,,,
29141,,drop,Tempest Leggings,inv_pants_leather_14,Legs,Leather,,,,,,,Red|Yellow|Yellow,35=2,,,,https://www.wowhead.com/tbc/item=29141,,,,11,44,44,,,,,,,,18,,,,,,,,,,,,,,,,,,256,
29151,,drop,Veteran's Musket,inv_weapon_rifle_02,Ranged,,,,3,,,,,,139,259,2.7,https://www.wowhead.com/tbc/item=29151,,12,,,,,,,,,,,,,,,,22,22,,11,,,,,,,,,,,,
29152,,drop,Marksman's Bow,inv_weapon_bow_08,Ranged,,,,1,,,,,,144,269,2.8,https://www.wowhead.com/tbc/item=29152,,12,,,,,,,,,,,,,,,,22,22,,11,,,,,,,,,,,,
29153,,drop,Blade of the Archmage,inv_weapon_shortblade_37,Weapon,,Main Hand,Sword,,,,,,,30,119,1.8,https://www.wowhead.com/tbc/item=29153,,,13,11,159,159,,,,,,,,21,,,,,,,,,,,,,,,,,,,
29155,,drop,Stormcaller,inv_sword_01,Weapon,,Main Hand,Sword,,,,,,,30,119,1.8,https://www.wowhead.com/tbc/item=29155,,,12,12,159,159,,,,,,,,21,,,,,,,,,,,,,,,,,,,
29166,,drop,Hellforged Halberd,inv_weapon_halberd_12,Weapon,,Two Hand,Polearm,,,,,,,261,392,3.5,https://www.wowhead.com/tbc/item=29166,,26,,,,,,,,,,,,,,,,92,92,,19,,,,,,,,,,,,
29167,,drop,Blackened Spear,inv_spear_03,Weapon,,Two Hand,Polearm,,,,,,,261,392,3.5,https://www.wowhead.com/tbc/item=29167,,26,,,,,,,,,,,,,,,,92,92,,19,,,,,,,,,,,,
29170,,drop,Windcaller's Orb,inv_misc_orb_01,Weapon,,Off Hand,Off Hand,,,,,,,,,,https://www.wowhead.com/tbc/item=29170,,,,16,64,22,,,,,,,,,,,12,,,,,,,,,,,,,,,,
29171,,drop,Earthwarden,inv_hammer_10,Weapon,,Two Hand,Mace,,,,,,,143,278,3.2,https://www.wowhead.com/tbc/item=29171,,,39,,,,,,,,,,,,,,,,,712,,,,,24,27,,,,,,500,
29172,,drop,Ashyen's Gift,inv_jewelry_ring_51naxxramas,Finger,,,,,,,,,,,,,https://www.wowhead.com/tbc/item=29172,,,30,,23,23,,,,,,,21,,,,,,,,,,,,,,,,,,,,
29175,,drop,Gavel of Pure Light,inv_hammer_04,Weapon,,Main Hand,Mace,,,,,,,32,125,1.9,https://www.wowhead.com/tbc/item=29175,,,12,12,299,100,,,,,,,,,,,,,,,,,,,,,,,,,,,
29176,,drop,Crest of the Sha'tar,inv_shield_30,Weapon,,Off Hand,Shield,,,,,Blue|Blue,dodge=3,,,,https://www.wowhead.com/tbc/item=29176,,,19,,,,,,,,,,,,,,,,,,,,,,,13,,132,,,,4465,
29179,,drop,Xi'ri's Gift,inv_misc_elvencoins,Trinket,,,,,,,yes,,,,,,https://www.wowhead.com/tbc/item=29179,,,,,,,,,,,,,,32,,,,,,,,,,,,,,,,,,,
29246,,drop,Nightfall Wristguards,inv_bracer_15,Wrist,Leather,,,,,,,,,,,,https://www.wowhead.com/tbc/item=29246,,24,22,,,,,,,,,,,,,,,46,46,,,,,,,,,,,,,153,
29247,,drop,Girdle of the Deathdealer,inv_belt_26,Waist,Leather,,,,,,,,,,,,https://www.wowhead.com/tbc/item=29247,,28,28,,,,,,,,,,,,,,,56,56,,20,,,,,,,,,,,196,
29252,,drop,Bracers of Dignity,inv_bracer_02,Wrist,Plate,,,,,,,,,,,,https://www.wowhead.com/tbc/item=29252,,,30,12,19,19,,,,,,,,,,,,,,,,,,,,21,,,,,,608,
29263,,drop,Forestheart Bracers,inv_bracer_02,Wrist,Leather,,,,,,,,,,,,https://www.wowhead.com/tbc/item=29263,18,18,27,16,,,,,,,,,,,,,,,,,,,,,,,,,,,,153,84
29266,,badge,Azure-Shield of Coldarra,inv_shield_33,Weapon,,Off Hand,Shield,,,,,,,,,,https://www.wowhead.com/tbc/item=29266,,,31,,,,,,,,,,,,,,,,,,,,,,,22,,148,,,,4668,
29267,,badge,Light-Bearer's Faith Shield,inv_shield_33,Weapon,,Off Hand,Shield,,,,,,,,,,https://www.wowhead.com/tbc/item=29267,,,21,22,55,19,,,,,,,,,,,,,,,,,,,,,,115,,,,4668,
29268,,badge,Mazthoril Honor Shield,inv_shield_37,Weapon,,Off Hand,Shield,,,,,,,,,,https://www.wowhead.com/tbc/item=29268,,,16,17,23,23,,,,,,,,21,,,,,,,,,,,,,,115,,,,4668,
29270,,badge,Flametongue Seal,spell_fire_sealoffire,Weapon,,Off Hand,Off Hand,,,,,,,,,,https://www.wowhead.com/tbc/item=29270,,,,,,,,49,,,,,,17,,,,,,,,,,,,,,,,,,,
29271,,badge,Talisman of Kalecgos,inv_offhand_outlandraid_02,Weapon,,Off Hand,Off Hand,,,,,,,,,,https://www.wowhead.com/tbc/item=29271,,,,14,,,50,,,,,,,,,,,,,,,,,,,,,,,,,,
29272,,badge,Orb of the Soul-Eater,inv_misc_orb_04,Weapon,,Off Hand,Off Hand,,,,,,,,,,https://www.wowhead.com/tbc/item=29272,,,18,,,,,,,,,51,,,,,,,,,,,,,,,,,,,,,
29273,,badge,Khadgar's Knapsack,inv_misc_bag_10_green,Weapon,,Off Hand,Off Hand,,,,,,,,,,https://www.wowhead.com/tbc/item=29273,,,,,49,49,,,,,,,,,,,,,,,,,,,,,,,,,,,
29274,,badge,Tears of Heaven,inv_potion_75,Weapon,,Off Hand,Off Hand,,,,,,,,,,https://www.wowhead.com/tbc/item=29274,,,,,75,25,,,,,,,,,,,,,,,,,,,,,,,,,,,
29279,,worn,Violet Signet of the Great Protector,inv_jewelry_ring_62,Finger,,,,,,,,,,,,,https://www.wowhead.com/tbc/item=29279,,,37,,,,,,,,,,,,,,,,,,,,,,,19,,,,,,,392
29287,,drop,Violet Signet of the Archmage,inv_jewelry_ring_62,Finger,,,,,,,,,,,,,https://www.wowhead.com/tbc/item=29287,,,24,23,29,29,,,,,,,,17,,,,,,,,,,,,,,,,,,,
29290,,drop,Violet Signet of the Grand Restorer,inv_jewelry_ring_62,Finger,,,,,,,,,,,,,https://www.wowhead.com/tbc/item=29290,,,24,23,55,19,,,,,,,,,,,17,,,,,,,,,,,,,,,,
29294,,drop,Band of Eternity,inv_jewelry_ring_54,Finger,,,,,,,,,,,,,https://www.wowhead.com/tbc/item=29294,,,37,,,,,,,,,,,,,,,,,,,,,,,25,,38,,,,,
29296,,drop,Band of Eternity,inv_jewelry_ring_54,Finger,,,,,,,,,,,,,https://www.wowhead.com/tbc/item=29296,,,43,,,,,,,,,,,,,,,,,,,,,,,30,,44,,,,,
29297,,drop,Band of the Eternal Defender,inv_jewelry_ring_55,Finger,,,,,,,yes,,,,,,https://www.wowhead.com/tbc/item=29297,,,43,,,,,,,,,,,,,,,,,,,,,,,30,,44,,,,,
29298,,drop,Band of Eternity,inv_jewelry_ring_54,Finger,,,,,,,,,,,,,https://www.wowhead.com/tbc/item=29298,,25,37,,,,,,,,,,,,,,,50,50,,,,,,,,,,,,,,
29299,,drop,Band of Eternity,inv_jewelry_ring_54,Finger,,,,,,,,,,,,,https://www.wowhead.com/tbc/item=29299,,27,40,,,,,,,,,,,,,,,56,56,,,,,,,,,,,,,,
29300,,drop,Band of Eternity,inv_jewelry_ring_54,Finger,,,,,,,,,,,,,https://www.wowhead.com/tbc/item=29300,,29,43,,,,,,,,,,,,,,,60,60,,,,,,,,,,,,,,
29301,,drop,Band of the Eternal Champion,inv_jewelry_ring_55,Finger,,,,,,,yes,,,,,,https://www.wowhead.com/tbc/item=29301,,29,43,,,,,,,,,,,,,,,60,60,,,,,,,,,,,,,,
29302,,drop,Band of Eternity,inv_jewelry_ring_54,Finger,,,,,,,,,,,,,https://www.wowhead.com/tbc/item=29302,,,24,22,29,29,,,,,,,,21,,,,,,,,,,,,,,,,,,,
29303,,drop,Band of Eternity,inv_jewelry_ring_54,Finger,,,,,,,,,,,,,https://www.wowhead.com/tbc/item=29303,,,25,23,32,32,,,,,,,,22,,,,,,,,,,,,,,,,,,,
29304,,drop,Band of Eternity,inv_jewelry_ring_54,Finger,,,,,,,,,,,,,https://www.wowhead.com/tbc/item=29304,,,28,25,34,34,,,,,,,,24,,,,,,,,,,,,,,,,,,,
29305,,drop,Band of the Eternal Sage,inv_jewelry_ring_55,Finger,,,,,,,yes,,,,,,https://www.wowhead.com/tbc/item=29305,,,28,25,34,34,,,,,,,,24,,,,,,,,,,,,,,,,,,,
29308,,drop,Band of Eternity,inv_jewelry_ring_54,Finger,,,,,,,,,,,,,https://www.wowhead.com/tbc/item=29308,,,28,25,64,22,,,,,,,,,,,,,,,,,,,,,,,,,,,
29309,,drop,Band of the Eternal Restorer,inv_jewelry_ring_55,Finger,,,,,,,yes,,,,,,https://www.wowhead.com/tbc/item=29309,,,28,25,64,22,,,,,,,,,,,,,,,,,,,,,,,,,,,
29329,,drop,Terokk's Quill,inv_spear_08,Weapon,,Two Hand,Polearm,,,,,,,246,370,3.3,https://www.wowhead.com/tbc/item=29329,,54,33,,,,,,,,,,,,,,,,,,,,,,,,,,,,,,
29330,,drop,The Saga of Terokk,inv_misc_book_07,Weapon,,Off Hand,Off Hand,,,,,,,,,,https://www.wowhead.com/tbc/item=29330,,,,23,28,28,,,,,,,,,,,,,,,,,,,,,,,,,,,
29353,,drop,Shockwave Truncheon,inv_mace_54,Weapon,,Main Hand,Mace,,,,,,,31,127,1.9,https://www.wowhead.com/tbc/item=29353,,,24,,317,106,,,,,,,,16,,,,,,,,,,,,,,,,,,,
29355,,drop,Terokk's Shadowstaff,inv_weapon_halberd19,Weapon,,Two Hand,Staff,,,,,,,143,283,3.2,https://www.wowhead.com/tbc/item=29355,,,40,42,168,168,,,,,,,,37,,,,,,,,,,,,,,,,,,,
29359,,drop,Feral Staff of Lashing,inv_staff_56,Weapon,,Two Hand,Staff,,,,,,,148,279,3,https://www.wowhead.com/tbc/item=29359,36,35,34,,,,,,,,,,,,,,,,,754,,,,,,,,,,,,300,
29370,,badge,Icon of the Silver Crescent,inv_weapon_shortblade_23,Trinket,,,,,,,yes,,,,,,https://www.wowhead.com/tbc/item=29370,,,,,43,43,,,,,,,,,,,,,,,,,,,,,,,,,,,
29376,,badge,Essence of the Martyr,inv_valentineperfumebottle,Trinket,,,,,,,yes,,,,,,https://www.wowhead.com/tbc/item=29376,,,,,84,28,,,,,,,,,,,,,,,,,,,,,,,,,,,
29381,,badge,Choker of Vile Intent,inv_jewelry_necklace_04,Neck,,,,,,,,,,,,,https://www.wowhead.com/tbc/item=29381,,20,18,,,,,,,,,,,,,,,42,42,,18,,,,,,,,,,,,
29382,,badge,Blood Knight War Cloak,inv_misc_cape_18,Back,Cloth,,,,,,,,,,,,https://www.wowhead.com/tbc/item=29382,,23,22,,,,,,,,,,,,,,,48,48,,,,,,,,,,,,,93,
29383,,badge,Bloodlust Brooch,inv_misc_monsterscales_15,Trinket,,,,,,,yes,,,,,,https://www.wowhead.com/tbc/item=29383,,,,,,,,,,,,,,,,,,72,72,,,,,,,,,,,,,,
29385,,badge,Farstrider Defender's Cloak,inv_misc_cape_naxxramas_02,Back,Cloth,,,,,,,,,,,,https://www.wowhead.com/tbc/item=29385,,,30,,,,,,,,,,,,,,,,,,,,,,,,,38,,,,93,174
29387,,badge,Gnomeregan Auto-Blocker 600,inv_battery_02,Trinket,,,,,,,yes,,,,,,https://www.wowhead.com/tbc/item=29387,,,,,,,,,,,,,,,,,,,,,,,,,,,,59,,,,,
29458,T4,raid_drop,Aegis of the Vindicator,inv_shield_33,Weapon,,Off Hand,Shield,,,,,,,,,,https://www.wowhead.com/tbc/item=29458,,,,21,53,18,,,,,,,,,,,,,,,,,,,,,,137,,,,5279,
29522,,crafted,Windhawk Hauberk,inv_chest_leather_01,Chest,Leather,,,,Windhawk Armor,,,Blue|Yellow|Blue,healing_power=5|spell_damage=5,,,,https://www.wowhead.com/tbc/item=29522,,,28,29,74,46,,,,,,,,19,,,29,,,,,,,,,,,,,,,379,
29523,,crafted,Windhawk Bracers,inv_bracer_07,Wrist,Leather,,,,Windhawk Armor,,,Yellow,intellect=2,,,,https://www.wowhead.com/tbc/item=29523,,,22,17,47,27,,,,,,,,16,,,7,,,,,,,,,,,,,,,159,
29525,,crafted,Primalstrike Vest,inv_chest_cloth_45,Chest,Leather,,,,Primal Intent,,,,,,,,https://www.wowhead.com/tbc/item=29525,,38,39,,,,,,,,,,,,,,,108,108,,12,,,,,,,,,,,379,
29776,,drop,Core of Ar'kelos,spell_nature_abolishmagic,Trinket,,,,,,,yes,,,,,,https://www.wowhead.com/tbc/item=29776,,,,,,,,,,,,,,,,,,52,52,,,,,,,,,,,,,,
29918,T5,raid_drop,Mindstorm Wristbands,inv_bracer_13,Wrist,Cloth,,,,,,,,,,,,https://www.wowhead.com/tbc/item=29918,,,13,13,36,36,,,,,,,,23,,,,,,,,,,,,,,,,,,94,
29920,T5,raid_drop,Phoenix-Ring of Rebirth,inv_jewelry_ring_51naxxramas,Finger,,,,,,,,,,,,,https://www.wowhead.com/tbc/item=29920,,,,24,55,19,,,,,,,,,,,,,,,,,,,,,,,,,,,
29921,T5,raid_drop,Fire Crest Breastplate,inv_chest_plate03,Chest,Mail,,,,,,,,,,,,https://www.wowhead.com/tbc/item=29921,,,36,34,81,27,,,,,,,,34,,,,,,,,,,,,,,,,,,900,
29922,T5,raid_drop,Band of Al'ar,inv_jewelry_ring_61,Finger,,,,,,,,,,,,,https://www.wowhead.com/tbc/item=29922,,,24,23,37,37,,,,,,,,,,,,,,,,,,,,,,,,,,,
29923,T5,raid_drop,Talisman of the Sun King,inv_offhand_blood_02,Weapon,,Off Hand,Off Hand,,,,,,,,,,https://www.wowhead.com/tbc/item=29923,,,27,24,59,20,,,,,,,,,,,,,,,,,,,,,,,,,,,
29924,T5,raid_drop,Netherbane,inv_axe_62,Weapon,,One Hand,Axe,,,,,,,175,327,2.6,https://www.wowhead.com/tbc/item=29924,,25,21,,,,,,,,,,,,,,,40,40,,,,,,,,,,,,,,
29925,T5,raid_drop,Phoenix-Wing Cloak,inv_misc_cape_08,Back,Cloth,,,,,,,,,,,,https://www.wowhead.com/tbc/item=29925,,,37,,,,,,,,,,,,,,,,,,,,,,,22,,,27,,,108,
29947,T5,raid_drop,Gloves of the Searing Grip,inv_gauntlets_28,Hands,Leather,,,,,,,,,,,,https://www.wowhead.com/tbc/item=29947,,33,37,,,,,,,,,,,,,,,66,66,,,,,,18,,,,,,,252,
29948,T5,raid_drop,Claw of the Phoenix,inv_weapon_hand_12,Weapon,,Off Hand,Fist,,,,,,,101,189,1.5,https://www.wowhead.com/tbc/item=29948,,21,30,,,,,,,,,,,,,,,40,40,,,,,,,,,,,,,,
29949,T5,raid_drop,Arcanite Steam-Pistol,inv_weapon_rifle_18,Ranged,,,,3,,,,,,177,329,2.9,https://www.wowhead.com/tbc/item=29949,,20,,,,,,,,,,,,,,,,,,,19,,,,,,,,,,,,
29950,T5,raid_drop,Greaves of the Bloodwarder,inv_pants_plate_05,Legs,Plate,,,,,,,Red|Yellow|Blue,strength=4,,,,https://www.wowhead.com/tbc/item=29950,49,,46,,,,,,,,,,,,,,,,,,,31,,,,,,,,,,1406,
29951,T5,raid_drop,Star-Strider Boots,inv_boots_chain_04,Feet,Mail,,,,,,,Blue|Blue,attack_power=6|ranged_attack_power=6,,,,https://www.wowhead.com/tbc/item=29951,,33,13,18,,,,,,,,,,,,,,66,66,,,,,,,,,,,,,619,
29962,T5,raid_drop,Heartrazor,inv_weapon_shortblade_46,Weapon,,One Hand,Dagger,,,,yes,,,121,226,1.8,https://www.wowhead.com/tbc/item=29962,,20,30,,,,,,,,,,,,,,,,,,,,,,,,,,,,,,
29965,T5,raid_drop,Girdle of the Righteous Path,inv_belt_22,Waist,Plate,,,,,,,,,,,,https://www.wowhead.com/tbc/item=29965,,,27,33,77,26,,,,,,,,27,,,,,,,,,,,,,,,,,,904,
29966,T5,raid_drop,Vambraces of Ending,inv_bracer_15,Wrist,Leather,,,,,,,Blue,attack_power=4|ranged_attack_power=4,,,,https://www.wowhead.com/tbc/item=29966,,24,24,,,,,,,,,,,,,,,52,52,,,,,,,,,,,,,177,
29972,T5,raid_drop,Trousers of the Astromancer,inv_pants_cloth_05,Legs,Cloth,,,,,,,Blue|Yellow|Blue,healing_power=5|spell_damage=5,,,,https://www.wowhead.com/tbc/item=29972,,,33,36,54,54,,,,,,,,,,,22,,,,,,,,,,,,,,,188,
29976,T5,raid_drop,Worldstorm Gauntlets,inv_gauntlets_26,Hands,Mail,,,,,,,Blue|Yellow,stamina=4,,,,https://www.wowhead.com/tbc/item=29976,,,21,22,73,25,,,,,,,,15,,,,,,,,,,,,,,,,,,562,
29977,T5,raid_drop,Star-Soul Breeches,inv_pants_cloth_07,Legs,Cloth,,,,,,,,,,,,https://www.wowhead.com/tbc/item=29977,,,27,27,101,34,,,,,,,,,,,52,,,,,,,,,,,,,,,188,
29981,T5,raid_drop,Ethereum Life-Staff,inv_staff_52,Weapon,,Two Hand,Staff,,,,,,,144,306,3.2,https://www.wowhead.com/tbc/item=29981,,,52,44,415,138,,,,,,,,,,,62,,,,,,,,,,,,,,,,
29982,T5,raid_drop,Wand of the Forgotten Star,inv_wand_15,Ranged,,,,5,,,,,,186,346,1.5,https://www.wowhead.com/tbc/item=29982,,,,,23,23,,,,,,,11,14,,,,,,,,,,,,,,,,,,,
29983,T5,raid_drop,Fel-Steel Warhelm,inv_helmet_03,Head,Plate,,,,,,,,,,,,https://www.wowhead.com/tbc/item=29983,46,,46,,,,,,,,,,,,,,,,,,30,44,,,,,,,,,,1306,
29984,T5,raid_drop,Girdle of Zaetar,inv_belt_08,Waist,Leather,,,,,,,Blue|Blue,healing_power=7|spell_damage=3,,,,https://www.wowhead.com/tbc/item=29984,,,22,23,73,25,,,,,,,,,,,24,,,,,,,,,,,,,,,227,
29985,T5,raid_drop,Void Reaver Greaves,inv_pants_mail_15,Legs,Mail,,,,,,,Red|Yellow|Blue,agility=4,,,,https://www.wowhead.com/tbc/item=29985,,37,33,24,,,,,,,,,,,,,,88,88,,,,,,,,,,,,,787,
29986,T5,raid_drop,Cowl of the Grand Engineer,inv_helmet_14,Head,Cloth,,,,,,,Yellow|Yellow|Blue,healing_power=5|spell_damage=5,,,,https://www.wowhead.com/tbc/item=29986,,,22,27,53,53,,,,,,,16,35,,,,,,,,,,,,,,,,,,175,
29987,T5,raid_drop,Gauntlets of the Sun King,inv_gauntlets_17,Hands,Cloth,,,,,,,,,,,,https://www.wowhead.com/tbc/item=29987,,,28,29,42,42,,,,,,,,28,,,20,,,,,,,,,,,,,,,145,
29988,T5,raid_drop,The Nexus Key,inv_staff_43,Weapon,,Two Hand,Staff,,,,,,,145,312,3.2,https://www.wowhead.com/tbc/item=29988,,,76,52,236,236,,,,,,,,51,,,,,,,,,,,,,,,,,,,
29989,T5,raid_drop,Sunshower Light Cloak,inv_misc_cape_06,Back,Cloth,,,,,,,,,,,,https://www.wowhead.com/tbc/item=29989,,,18,24,77,26,,,,,,,,,,,20,,,,,,,,,,,,,,,116,
29990,T5,raid_drop,Crown of the Sun,inv_helmet_32,Head,Cloth,,,,,,,,,,,,https://www.wowhead.com/tbc/item=29990,,,39,38,108,36,,,,,,,,,,,49,,,,,,,,,,,,,,,188,
29991,T5,raid_drop,Sunhawk Leggings,inv_pants_plate_07,Legs,Mail,,,,,,,Blue|Blue|Yellow,healing_power=9|spell_damage=3,,,,https://www.wowhead.com/tbc/item=29991,,,39,31,108,36,,,,,,,,,,,,,,,,,,,,,,,,,,847,
29992,T5,raid_drop,Royal Cloak of the Sunstriders,inv_misc_cape_10,Back,Cloth,,,,,,,,,,,,https://www.wowhead.com/tbc/item=29992,,,27,22,44,44,,,,,,,,,,,,,,,,,,,,,,,,,,116,
29993,T5,raid_drop,Twinblade of the Phoenix,inv_sword_2h_blood_c_01,Weapon,,Two Hand,Sword,,,,,Red|Yellow|Blue,attack_power=8|ranged_attack_power=8,375,564,3.6,https://www.wowhead.com/tbc/item=29993,,,53,,,,,,,,,,,,,,,110,108,,,37,,,,,,,,,,,
29994,T5,raid_drop,Thalassian Wildercloak,inv_misc_cape_15,Back,Cloth,,,,,,,,,,,,https://www.wowhead.com/tbc/item=29994,,28,28,,,,,,,,,,,,,,,68,68,,,,,,,,,,,,,116,
29995,T5,raid_drop,Leggings of Murderous Intent,inv_pants_leather_03,Legs,Leather,,,,,,,,,,,,https://www.wowhead.com/tbc/item=29995,,45,31,,,,,,,,,,,,,,,92,92,,,37,,,,,,,,,,380,
29996,T5,raid_drop,Rod of the Sun King,inv_mace_48,Weapon,,One Hand,Mace,,,,yes,,,189,352,2.7,https://www.wowhead.com/tbc/item=29996,,,,,,,,,,,,,,,,,,52,52,,,,,,,,,,,,,,
29997,T5,raid_drop,Band of the Ranger-General,inv_jewelry_ring_55,Finger,,,,,,,,,,,,,https://www.wowhead.com/tbc/item=29997,,,27,,,,,,,,,,,,,,,56,56,,18,28,,,,,,,,,,,
29998,T5,raid_drop,Royal Gauntlets of Silvermoon,inv_gauntlets_29,Hands,Plate,,,,,,,Yellow|Blue,dodge=3,,,,https://www.wowhead.com/tbc/item=29998,,,57,,,,,,,,,,,,,,,,,,,,,,,24,,,32,,,1080,
30007,,drop,The Darkener's Grasp,inv_jewelry_necklace_ahnqiraj_04,Neck,,,,,,,,,,,,,https://www.wowhead.com/tbc/item=30007,,,40,,,,,,,,,,,,,,,,,,,,,,,27,14,,23,,,,
30008,T5,raid_drop,Pendant of the Lost Ages,inv_jewelry_necklace_12,Neck,,,,,,,yes,,,,,,https://www.wowhead.com/tbc/item=30008,,,27,17,36,36,,,,,,,,,,,,,,,,,,,,,,,,,,,
30010,,drop,Fleshling Simulation Staff,inv_staff_51,Weapon,,Two Hand,Staff,,,,,,,106,190,2.4,https://www.wowhead.com/tbc/item=30010,27,27,27,,,,,,,,,,,,,,,,,457,26,,,,17,,,,,,,,
30012,,drop,Ameer's Judgement,inv_staff_draenei_a_03,Weapon,,Two Hand,Staff,,,,,,,106,190,2.4,https://www.wowhead.com/tbc/item=30012,,,27,40,194,65,,,,,,,,17,,,27,,,,,,,,,,,,,,,,
30015,,drop,The Sun King's Talisman,inv_jewelry_necklace_14,Neck,,,,,,,,,,,,,https://www.wowhead.com/tbc/item=30015,,,22,16,41,41,,,,,,,,24,,,,,,,,,,,,,,,,,,,
30017,,drop,Telonicus's Pendant of Mayhem,inv_jewelry_necklace_30naxxramas,Neck,,,,,,,,,,,,,https://www.wowhead.com/tbc/item=30017,,27,26,,,,,,,,,,,,,,,70,70,,,,,,,,,,,,,,
30018,,drop,Lord Sanguinar's Claim,inv_jewelry_necklace_29naxxramas,Neck,,,,,,,,,,,,,https://www.wowhead.com/tbc/item=30018,,,25,19,79,27,,,,,,,,,,,,,,,,,,,,,,,,,,,
30020,T5,raid_drop,Fire-Cord of the Magus,inv_belt_03,Waist,Cloth,,,,,,,,,,,,https://www.wowhead.com/tbc/item=30020,,,21,23,,,,60,,,,,,30,,,,,,,,,,,,,,,,,,121,
30021,T5,raid_drop,Wildfury Greatstaff,inv_staff_50,Weapon,,Two Hand,Staff,,,,,,,135,287,3,https://www.wowhead.com/tbc/item=30021,,,75,,,,,,,,,,,,,,,,,992,,,,,,,,,54,,,500,
30022,T5,raid_drop,Pendant of the Perilous,inv_jewelry_necklace_ahnqiraj_01,Neck,,,,,,,,,,,,,https://www.wowhead.com/tbc/item=30022,32,,24,,,,,,,,,,,,,,,,,,,23,,,,,,,,,,,
30023,T5,raid_drop,Totem of the Maelstrom,spell_nature_earthbind,Ranged,,,,8,,,yes,,,,,,https://www.wowhead.com/tbc/item=30023,,,,,,,,,,,,,,,,,,,,,,,,,,,,,,,,,
30024,T5,raid_drop,Mantle of the Elven Kings,inv_shoulder_25,Shoulder,Cloth,,,,,,,,,,,,https://www.wowhead.com/tbc/item=30024,,,27,18,39,39,,,,,,,18,25,,,17,,,,,,,,,,,,,,,161,
30025,T5,raid_drop,Serpentshrine Shuriken,inv_throwingknife_06,Ranged,,,,4,,,,,,97,146,1.4,https://www.wowhead.com/tbc/item=30025,,,14,,,,,,,,,,,,,,,,,,12,20,,,,,,,,,,,
30026,T5,raid_drop,Bands of the Celestial Archer,inv_bracer_17,Wrist,Mail,,,,,,,,,,,,https://www.wowhead.com/tbc/item=30026,,17,,24,,,,,,,,,,,,,,48,48,,,17,,,,,,,,,,394,
30027,T5,raid_drop,Boots of Courage Unending,inv_boots_chain_08,Feet,Plate,,,,,,,,,,,,https://www.wowhead.com/tbc/item=30027,,,19,20,90,30,,,,,,,,31,,,,,,,,,,,,,,,,,,1105,
30028,T5,raid_drop,Seventh Ring of the Tirisfalen,inv_jewelry_ring_24,Finger,,,,,,,,,,,,,https://www.wowhead.com/tbc/item=30028,,,37,,,,,,,,,,,,,,,,,,,,,,,17,24,24,,,,,
30029,T5,raid_drop,Bark-Gloves of Ancient Wisdom,inv_gauntlets_25,Hands,Leather,,,,,,,,,,,,https://www.wowhead.com/tbc/item=30029,,,28,25,73,25,,,,,,,,,,,33,,,,,,,,,,,,,,,252,
30030,T5,raid_drop,Girdle of Fallen Stars,inv_belt_22,Waist,Mail,,,,,,,Yellow|Yellow,healing_power=7|spell_damage=3,,,,https://www.wowhead.com/tbc/item=30030,,,26,18,73,25,,,,,,,,,,,,,,,,,,,,,,,,,,506,
30031,,crafted,Red Havoc Boots,inv_boots_chain_04,Feet,Plate,,,,,,,,,,,,https://www.wowhead.com/tbc/item=30031,,,49,,,,,,,,,,,,,,,,,,,,,,,32,25,30,,,,1105,
30032,,crafted,Red Belt of Battle,inv_belt_13,Waist,Plate,,,,,,,Blue|Yellow,melee_crit=3,,,,https://www.wowhead.com/tbc/item=30032,41,,21,,,,,,,,,,,,,,,,,,14,24,,,,,,,,,,904,
30033,,crafted,Boots of the Protector,inv_boots_plate_03,Feet,Plate,,,,,,,,,,,,https://www.wowhead.com/tbc/item=30033,,,48,22,27,27,,,,,,,,,,,,,,,,,,,,26,17,,,,,1105,
30034,,crafted,Belt of the Guardian,inv_belt_28,Waist,Plate,,,,,,,Red|Yellow,stamina=4,,,,https://www.wowhead.com/tbc/item=30034,,,48,13,21,21,,,,,,,,,,,,,,,,,,,,19,,33,,,,904,
30035,,crafted,Boots of the Long Road,inv_boots_cloth_14,Feet,Cloth,,,,,,,,,,,,https://www.wowhead.com/tbc/item=30035,,,25,26,73,25,,,,,,,,,,,22,,,,,,,,,,,,,,,148,
30036,,crafted,Belt of the Long Road,inv_belt_05,Waist,Cloth,,,,,,,Blue|Yellow,healing_power=7|spell_damage=3,,,,https://www.wowhead.com/tbc/item=30036,,,13,18,73,25,,,,,,,,,,,33,,,,,,,,,,,,,,,121,
30037,,crafted,Boots of Blasting,inv_boots_cloth_05,Feet,Cloth,,,,,,,,,,,,https://www.wowhead.com/tbc/item=30037,,,25,25,39,39,,,,,,,18,25,,,,,,,,,,,,,,,,,,148,
30038,,crafted,Belt of Blasting,inv_belt_13,Waist,Cloth,,,,,,,Blue|Yellow,healing_power=4|spell_damage=4,,,,https://www.wowhead.com/tbc/item=30038,,,,,50,50,,,,,,,23,30,,,,,,,,,,,,,,,,,,121,
30039,,crafted,Boots of Utter Darkness,inv_boots_05,Feet,Leather,,,,,,,,,,,,https://www.wowhead.com/tbc/item=30039,,,34,,,,,,,,,,,,,,,66,66,,23,32,,,,,,,,,,278,
30040,,crafted,Belt of Deep Shadow,inv_belt_29,Waist,Leather,,,,,,,Blue|Blue,agility=3,,,,https://www.wowhead.com/tbc/item=30040,,32,14,,,,,,,,,,,,,,,66,66,,18,,,,,,,,,,,227,
30041,,crafted,Boots of Natural Grace,inv_boots_cloth_04,Feet,Leather,,,,,,,,,,,,https://www.wowhead.com/tbc/item=30041,33,26,37,13,,,,,,,,,,,,,,,,,14,,,,,,,,,,,278,196
30042,,crafted,Belt of Natural Power,inv_belt_25,Waist,Leather,,,,,,,Red|Red,stamina=4,,,,https://www.wowhead.com/tbc/item=30042,29,20,38,12,,,,,,,,,,,,,,,,,,,,,,,,,,,,227,196
30047,T5,raid_drop,Blackfathom Warbands,inv_bracer_02,Wrist,Mail,,,,,,,Blue,35=1,,,,https://www.wowhead.com/tbc/item=30047,,,21,23,62,21,,,,,,,,,,,,,,,,,,,,,,,,,,394,
30048,T5,raid_drop,Brighthelm of Justice,inv_helmet_22,Head,Plate,,,,,,,,,,,,https://www.wowhead.com/tbc/item=30048,,,36,44,101,34,,,,,,,,,,,,,,,,,,,,,,,,,,1306,
30049,T5,raid_drop,Fathomstone,inv_misc_gem_azuredraenite_02,Weapon,,Off Hand,Off Hand,,,,,,,,,,https://www.wowhead.com/tbc/item=30049,,,16,12,36,36,,,,,,,,23,,,,,,,,,,,,,,,,,,,
30050,T5,raid_drop,Boots of the Shifting Nightmare,inv_boots_05,Feet,Cloth,,,,,,,,,,,,https://www.wowhead.com/tbc/item=30050,,,41,22,,,,,,,,59,18,,,,,,,,,,,,,,,,,,,148,
30051,T5,raid_drop,Idol of the Crescent Goddess,inv_qirajidol_night,Ranged,,,,6,,,yes,,,,,,https://www.wowhead.com/tbc/item=30051,,,,,,,,,,,,,,,,,,,,,,,,,,,,,,,,,
30052,T5,raid_drop,Ring of Lethality,inv_jewelry_ring_51naxxramas,Finger,,,,,,,,,,,,,https://www.wowhead.com/tbc/item=30052,,24,19,,,,,,,,,,,,,,,50,50,,19,,,,,,,,,,,,
30053,T5,raid_drop,Pauldrons of the Wardancer,inv_shoulder_20,Shoulder,Plate,,,,,,,Red|Blue,melee_crit=3,,,,https://www.wowhead.com/tbc/item=30053,38,,21,,,,,,,,,,,,,,,,,,,29,,,,,,,,,,1206,
30054,T5,raid_drop,Ranger-General's Chestguard,inv_chest_plate09,Chest,Mail,,,,,,,Blue|Red|Yellow,agility=4,,,,https://www.wowhead.com/tbc/item=30054,,36,19,30,,,,,,,,,,,,,,88,88,,,14,,,,,,,,,,900,
30055,T5,raid_drop,Shoulderpads of the Stranger,inv_shoulder_23,Shoulder,Leather,,,,,,,Red,agility=2,,,,https://www.wowhead.com/tbc/item=30055,,33,28,,,,,,,,,,,,,,,60,60,,,16,,,10,,,,,,,303,
30056,T5,raid_drop,Robe of Hateful Echoes,inv_chest_cloth_43,Chest,Cloth,,,,,,,Red|Yellow|Yellow,stamina=6,,,,https://www.wowhead.com/tbc/item=30056,,,34,36,50,50,,,,,,,,25,,,,,,,,,,,,,,,,,,215,
30057,T5,raid_drop,Bracers of Eradication,inv_bracer_19,Wrist,Plate,,,,,,,Blue,strength=2,,,,https://www.wowhead.com/tbc/item=30057,25,,12,,,,,,,,,,,,,,,,,,17,24,,,,,,,,,,703,
30058,T5,raid_drop,Mallet of the Tides,inv_weapon_shortblade_42,Weapon,,Main Hand,Mace,,,,,,,115,214,1.7,https://www.wowhead.com/tbc/item=30058,,,34,,,,,,,,,,,,,,,,,,,,,,14,16,,,,,,,
30059,T5,raid_drop,Choker of Animalistic Fury,inv_jewelry_necklace_ahnqiraj_03,Neck,,,,,,,,,,,,,https://www.wowhead.com/tbc/item=30059,,,24,,,,,,,,,,,,,,,64,64,,,23,,,,,,,,,,,
30060,T5,raid_drop,Boots of Effortless Striking,inv_boots_plate_06,Feet,Leather,,,,,,,,,,,,https://www.wowhead.com/tbc/item=30060,,42,41,,,,,,,,,,,,,,,58,58,,,,,,,,,,,,,278,
30061,T5,raid_drop,Ancestral Ring of Conquest,inv_jewelry_ring_41,Finger,,,,,,,,,,,,,https://www.wowhead.com/tbc/item=30061,32,21,30,,,,,,,,,,,,,,,,,,,,,,,,,,,,,,
30062,T5,raid_drop,Grove-Bands of Remulos,inv_bracer_02,Wrist,Leather,,,,,,,,,,,,https://www.wowhead.com/tbc/item=30062,,,21,14,68,23,,,,,,,,,,,21,,,,,,,,,,,,,,,177,
30063,T5,raid_drop,Libram of Absolute Truth,inv_relics_libramoftruth,Ranged,,,,7,,,yes,,,,,,https://www.wowhead.com/tbc/item=30063,,,,,,,,,,,,,,,,,,,,,,,,,,,,,,,,,
30064,T5,raid_drop,Cord of Screaming Terrors,inv_belt_03,Waist,Cloth,,,,,,,Yellow|Yellow,stamina=4,,,,https://www.wowhead.com/tbc/item=30064,,,34,15,50,50,,,,,,,24,,,,,,,,,,,,,,,,,,,121,
30065,T5,raid_drop,Glowing Breastplate of Truth,inv_chest_plate05,Chest,Plate,,,,,,,,,,,,https://www.wowhead.com/tbc/item=30065,,,39,40,53,18,,,,,,,,42,,,,,,,,,,,,,,,,,,1607,
30066,T5,raid_drop,Tempest-Strider Boots,inv_boots_chain_05,Feet,Mail,,,,,,,,,,,,https://www.wowhead.com/tbc/item=30066,,,25,26,51,17,,,,,,,,,,,,,,,,,,,,,,,,,,619,
30067,T5,raid_drop,Velvet Boots of the Guardian,inv_boots_05,Feet,Cloth,,,,,,,,,,,,https://www.wowhead.com/tbc/item=30067,,,21,21,49,49,,,,,,,,24,,,15,,,,,,,,,,,,,,,148,
30068,T5,raid_drop,Girdle of the Tidal Call,inv_belt_19,Waist,Mail,,,,,,,,,,,,https://www.wowhead.com/tbc/item=30068,35,,30,20,,,,,,,,,,,,,,,,,,33,,,,,,,,,,506,
30075,T5,raid_drop,Gnarled Chestpiece of the Ancients,inv_chest_leather_10,Chest,Leather,,,,,,,,,,,,https://www.wowhead.com/tbc/item=30075,,,48,32,110,37,,,,,,,,,,,34,,,,,,,,,,,,,,,404,
30079,T5,raid_drop,Illidari Shoulderpads,inv_shoulder_25,Shoulder,Cloth,,,,,,,Yellow|Yellow,healing_power=4|spell_damage=4,,,,https://www.wowhead.com/tbc/item=30079,,,34,23,39,39,,,,,,,,16,,,,,,,,,,,,,,,,,,161,
30080,T5,raid_drop,Luminescent Rod of the Naaru,inv_wand_15,Ranged,,,,5,,,,,,186,346,1.5,https://www.wowhead.com/tbc/item=30080,,,,14,35,12,,,,,,,,,,,,,,,,,,,,,,,,,,,
30081,T5,raid_drop,Warboots of Obliteration,inv_boots_plate_04,Feet,Plate,,,,,,,,,,,,https://www.wowhead.com/tbc/item=30081,44,,29,,,,,,,,,,,,,,,,,,,31,,,,,,,,,,1105,
30082,T5,raid_drop,Talon of Azshara,inv_sword_50,Weapon,,One Hand,Sword,,,,,,,182,339,2.7,https://www.wowhead.com/tbc/item=30082,,15,,,,,,,,,,,,,,,,40,40,,20,,,,,,,,,,,168,
30083,T5,raid_drop,Ring of Sundered Souls,inv_jewelry_ring_31,Finger,,,,,,,,,,,,,https://www.wowhead.com/tbc/item=30083,,,45,,,,,,,,,,,,,,,,,,,,,,,18,,,25,,,,
30084,T5,raid_drop,Pauldrons of the Argent Sentinel,inv_shoulder_14,Shoulder,Plate,,,,,,,,,,,,https://www.wowhead.com/tbc/item=30084,,,,34,75,25,,,,,,,,32,,,,,,,,,,,,,,,,,,1206,
30085,T5,raid_drop,Mantle of the Tireless Tracker,inv_shoulder_27,Shoulder,Mail,,,,,,,,,,,,https://www.wowhead.com/tbc/item=30085,,22,,23,,,,,,,,,,,,,,64,64,,,33,,,,,,,,,,675,
30090,T5,raid_drop,World Breaker,inv_mace_52,Weapon,,Two Hand,Mace,,,,yes,,,371,558,3.7,https://www.wowhead.com/tbc/item=30090,50,,51,,,,,,,,,,,,,,,,,,,,,,,,,,,,,,
30091,T5,raid_drop,True-Aim Stalker Bands,inv_bracer_15,Wrist,Mail,,,,,,,Yellow,stamina=3,,,,https://www.wowhead.com/tbc/item=30091,,,18,12,,,,,,,,,,,,,,50,50,,,24,,,,,,,,,,394,
30092,T5,raid_drop,Orca-Hide Boots,inv_boots_cloth_16,Feet,Leather,,,,,,,Blue|Blue,spirit=3,,,,https://www.wowhead.com/tbc/item=30092,,,19,27,73,25,,,,,,,,,,,19,,,,,,,,,,,,,,,278,
30095,T5,raid_drop,Fang of the Leviathan,inv_sword_73,Weapon,,Main Hand,Sword,,,,,,,22,127,1.8,https://www.wowhead.com/tbc/item=30095,,,28,20,221,221,,,,,,,,21,,,,,,,,,,,,,,,,,,,
30096,T5,raid_drop,Girdle of the Invulnerable,inv_belt_27,Waist,Plate,,,,,,,Red|Blue,stamina=4,,,,https://www.wowhead.com/tbc/item=30096,,,37,,,,,,,,,,,,,,,,,,,,,,,22,,,19,29,,904,
30097,T5,raid_drop,Coral-Barbed Shoulderpads,inv_shoulder_19,Shoulder,Mail,,,,,,,Blue|Blue,healing_power=7|spell_damage=3,,,,https://www.wowhead.com/tbc/item=30097,,,22,33,73,25,,,,,,,,,,,,,,,,,,,,,,,,,,675,
30098,T5,raid_drop,Razor-Scale Battlecloak,inv_misc_cape_20,Back,Cloth,,,,,,,,,,,,https://www.wowhead.com/tbc/item=30098,33,23,22,,,,,,,,,,,,,,,,,,,,,,,,,,,,,108,
30099,T5,raid_drop,Frayed Tether of the Drowned,inv_misc_noose_01,Neck,,,,,,,,,,,,,https://www.wowhead.com/tbc/item=30099,,,45,,,,,,,,,,,,,,,,,,18,,,,,24,,,,,,,
30100,T5,raid_drop,Soul-Strider Boots,inv_boots_fabric_01,Feet,Cloth,,,,,,,Red|Blue,healing_power=7|spell_damage=3,,,,https://www.wowhead.com/tbc/item=30100,,,20,19,64,22,,,,,,,,,,,33,,,,,,,,,,,,,,,148,
30101,T5,raid_drop,Bloodsea Brigand's Vest,inv_chest_plate08,Chest,Leather,,,,,,,Yellow|Yellow|Blue,attack_power=8|ranged_attack_power=8,,,,https://www.wowhead.com/tbc/item=30101,,,24,,,,,,,,,,,,,,,92,92,,27,36,,,,,,,,,,404,
30102,T5,raid_drop,Krakken-Heart Breastplate,inv_chest_plate11,Chest,Plate,,,,,,,,,,,,https://www.wowhead.com/tbc/item=30102,61,43,42,,,,,,,,,,,,,,,,,,30,,,,,,,,,,,1728,
30103,T5,raid_drop,Fang of Vashj,inv_weapon_shortblade_39,Weapon,,One Hand,Dagger,,,,,,,144,217,1.8,https://www.wowhead.com/tbc/item=30103,,,19,,,,,,,,,,,,,,,56,56,,,,,,21,,,,,,,,
30104,T5,raid_drop,Cobra-Lash Boots,inv_boots_chain_12,Feet,Mail,,,,,,,Blue|Red,agility=3,,,,https://www.wowhead.com/tbc/item=30104,,33,25,25,,,,,,,,,,,,,,66,66,,,,,,,,,,,,,665,
30105,T5,raid_drop,Serpent Spine Longbow,inv_weapon_bow_08,Ranged,,,,1,,,,,,217,327,3,https://www.wowhead.com/tbc/item=30105,,,17,,,,,,,,,,,,,,,38,38,,,16,,,,,,,,,,,
30106,T5,raid_drop,Belt of One-Hundred Deaths,inv_belt_26,Waist,Leather,,,,,,,Red|Blue,agility=3,,,,https://www.wowhead.com/tbc/item=30106,,29,25,,,,,,,,,,,,,,,74,74,,,,,,25,,,,,,,244,
30107,T5,raid_drop,Vestments of the Sea-Witch,inv_chest_cloth_17,Chest,Cloth,,,,,,,Yellow|Yellow|Blue,healing_power=5|spell_damage=5,,,,https://www.wowhead.com/tbc/item=30107,,,28,28,57,57,,,,,,,27,31,,,,,,,,,,,,,,,,,,231,
30108,T5,raid_drop,Lightfathom Scepter,inv_weapon_shortblade_43,Weapon,,Main Hand,Mace,,,,,,,21,136,1.9,https://www.wowhead.com/tbc/item=30108,,,28,20,443,148,,,,,,,,,,,,,,,,,,,,,,,,,,,
30109,T5,raid_drop,Ring of Endless Coils,inv_jewelry_ring_44,Finger,,,,,,,,,,,,,https://www.wowhead.com/tbc/item=30109,,,31,,37,37,,,,,,,,22,,,,,,,,,,,,,,,,,,,
30110,T5,raid_drop,Coral Band of the Revived,inv_jewelry_ring_35,Finger,,,,,,,,,,,,,https://www.wowhead.com/tbc/item=30110,,,21,14,75,25,,,,,,,,,,,27,,,,,,,,,,,,,,,,
30111,T5,raid_drop,Runetotem's Mantle,inv_shoulder_07,Shoulder,Leather,,,,,,,,,,,,https://www.wowhead.com/tbc/item=30111,,,31,22,101,34,,,,,,,,,,,32,,,,,,,,,,,,,,,326,
30112,T5,raid_drop,Glorious Gauntlets of Crestfall,inv_gauntlets_20,Hands,Plate,,,,,,,Yellow|Blue,healing_power=7|spell_damage=3,,,,https://www.wowhead.com/tbc/item=30112,,,25,26,81,27,,,,,,,,28,,,,,,,,,,,,,,,,,,1080,
30113,T5,tier_vendor,Destroyer Chestguard,inv_chest_plate02,Chest,Plate,,,,Destroyer Armor,Warrior,,Blue|Yellow|Red,stamina=6,,,,https://www.wowhead.com/tbc/item=30113,25,26,57,,,,,,,,,,,,,,,,,,24,,,,,27,,,24,,,1668,
30114,T5,tier_vendor,Destroyer Handguards,inv_gauntlets_28,Hands,Plate,,,,Destroyer Armor,Warrior,,,,,,,https://www.wowhead.com/tbc/item=30114,16,16,44,,,,,,,,,,,,,,,,,,,,,,,25,23,44,,,,1042,
30115,T5,tier_vendor,Destroyer Greathelm,inv_helmet_58,Head,Plate,,,,Destroyer Armor,Warrior,,Meta|Red,dodge=4,,,,https://www.wowhead.com/tbc/item=30115,28,28,48,,,,,,,,,,,,,,,,,,,,,,,30,,,33,,,1355,
30116,T5,tier_vendor,Destroyer Legguards,inv_pants_plate_05,Legs,Plate,,,,Destroyer Armor,Warrior,,Red,stamina=3,,,,https://www.wowhead.com/tbc/item=30116,18,28,60,,,,,,,,,,,,,,,,,,,,,,,39,32,33,,,,1459,
30117,T5,tier_vendor,Destroyer Shoulderguards,inv_shoulder_29,Shoulder,Plate,,,,Destroyer Armor,Warrior,,Red|Blue,block_rating=3,,,,https://www.wowhead.com/tbc/item=30117,13,21,44,,,,,,,,,,,,,,,,,,,,,,,29,,32,,,,1251,
30118,T5,tier_vendor,Destroyer Breastplate,inv_chest_plate02,Chest,Plate,,,,Destroyer Battlegear,Warrior,,Yellow|Blue|Red,strength=4,,,,https://www.wowhead.com/tbc/item=30118,50,,48,,,,,,,,,,,,,,,,,,15,33,,,,,,,,,,1668,
30119,T5,tier_vendor,Destroyer Gauntlets,inv_gauntlets_28,Hands,Plate,,,,Destroyer Battlegear,Warrior,,,,,,,https://www.wowhead.com/tbc/item=30119,44,,46,,,,,,,,,,,,,,,,,,,30,,,,,,,,,,1042,
30120,T5,tier_vendor,Destroyer Battle-Helm,inv_helmet_58,Head,Plate,,,,Destroyer Battlegear,Warrior,,Meta|Blue,strength=4,,,,https://www.wowhead.com/tbc/item=30120,47,,45,,,,,,,,,,,,,,,,,,21,36,,,,,,,,,,1355,
30121,T5,tier_vendor,Destroyer Greaves,inv_pants_plate_05,Legs,Plate,,,,Destroyer Battlegear,Warrior,,Red,melee_crit=2,,,,https://www.wowhead.com/tbc/item=30121,52,,57,,,,,,,,,,,,,,,,,,22,32,,,,,,,,,,1459,
30122,T5,tier_vendor,Destroyer Shoulderblades,inv_shoulder_29,Shoulder,Plate,,,,Destroyer Battlegear,Warrior,,Yellow|Blue,strength=3,,,,https://www.wowhead.com/tbc/item=30122,36,,38,,,,,,,,,,,,,,,,,,18,20,,,,,,,,,,1251,
30123,T5,tier_vendor,Crystalforge Chestguard,inv_chest_chain_15,Chest,Plate,,,,Crystalforge Armor,Paladin,,Red|Yellow|Yellow,defense=4,,,,https://www.wowhead.com/tbc/item=30123,,,55,27,32,32,,,,,,,,,,,,,,,,,,,,28,,51,,,,1668,
30124,T5,tier_vendor,Crystalforge Handguards,inv_gauntlets_25,Hands,Plate,,,,Crystalforge Armor,Paladin,,,,,,,https://www.wowhead.com/tbc/item=30124,,,40,21,29,29,,,,,,,,,,,,,,,,,,,,27,22,30,,,,1042,
30125,T5,tier_vendor,Crystalforge Faceguard,inv_helmet_15,Head,Plate,,,,Crystalforge Armor,Paladin,,Red|Meta,stamina=6,,,,https://www.wowhead.com/tbc/item=30125,,,48,28,36,36,,,,,,,,,,,,,,,,,,,,28,19,40,,,,1355,
30126,T5,tier_vendor,Crystalforge Legguards,inv_pants_mail_15,Legs,Plate,,,,Crystalforge Armor,Paladin,,Yellow,stamina=3,,,,https://www.wowhead.com/tbc/item=30126,,,54,27,41,41,,,,,,,,,,,,,,,,,,,,35,25,35,,,,1459,
30127,T5,tier_vendor,Crystalforge Shoulderguards,inv_shoulder_14,Shoulder,Plate,,,,Crystalforge Armor,Paladin,,Red|Red,stamina=4,,,,https://www.wowhead.com/tbc/item=30127,,,38,26,22,22,,,,,,,,,,,,,,,,,,,,26,,,,19,,1251,
30129,T5,tier_vendor,Crystalforge Breastplate,inv_chest_chain_15,Chest,Plate,,,,Crystalforge Battlegear,Paladin,,Red|Yellow|Yellow,strength=4,,,,https://www.wowhead.com/tbc/item=30129,56,,40,20,,,,,,,,,,,,,,,,,23,21,,,,,,,,,,1668,
30130,T5,tier_vendor,Crystalforge Gauntlets,inv_gauntlets_25,Hands,Plate,,,,Crystalforge Battlegear,Paladin,,,,,,,https://www.wowhead.com/tbc/item=30130,44,25,35,23,,,,,,,,,,,,,,,,,,,,,,,,,,,,1042,
30131,T5,tier_vendor,Crystalforge War-Helm,inv_helmet_15,Head,Plate,,,,Crystalforge Battlegear,Paladin,,Red|Meta,agility=4,,,,https://www.wowhead.com/tbc/item=30131,56,24,46,23,,,,,,,,,,,,,,,,,,,,,,,,,,,,1355,
30132,T5,tier_vendor,Crystalforge Greaves,inv_pants_mail_15,Legs,Plate,,,,Crystalforge Battlegear,Paladin,,Yellow,strength=2,,,,https://www.wowhead.com/tbc/item=30132,59,27,42,23,,,,,,,,,,,,,,,,,21,,,,,,,,,,,1459,
30133,T5,tier_vendor,Crystalforge Shoulderbraces,inv_shoulder_14,Shoulder,Plate,,,,Crystalforge Battlegear,Paladin,,Yellow|Yellow,stamina=4,,,,https://www.wowhead.com/tbc/item=30133,45,,34,15,,,,,,,,,,,,,,,,,,16,,,,,,,,,,1251,
30134,T5,tier_vendor,Crystalforge Chestpiece,inv_chest_chain_15,Chest,Plate,,,,Crystalforge Raiment,Paladin,,Blue|Yellow|Yellow,healing_power=9|spell_damage=3,,,,https://www.wowhead.com/tbc/item=30134,,,30,36,103,35,,,,,,,,31,,,,,,,,,,,,,,,,,,1668,
30135,T5,tier_vendor,Crystalforge Gloves,inv_gauntlets_25,Hands,Plate,,,,Crystalforge Raiment,Paladin,,,,,,,https://www.wowhead.com/tbc/item=30135,,,31,25,77,26,,,,,,,,24,,,,,,,,,,,,,,,,,,1042,
30136,T5,tier_vendor,Crystalforge Greathelm,inv_helmet_15,Head,Plate,,,,Crystalforge Raiment,Paladin,,Yellow|Meta,35=2,,,,https://www.wowhead.com/tbc/item=30136,,,37,28,103,35,,,,,,,,24,,,,,,,,,,,,,,,,,,1355,
30137,T5,tier_vendor,Crystalforge Leggings,inv_pants_mail_15,Legs,Plate,,,,Crystalforge Raiment,Paladin,,Blue,spell_crit=2,,,,https://www.wowhead.com/tbc/item=30137,,,37,36,101,34,,,,,,,,32,,,,,,,,,,,,,,,,,,1459,
30138,T5,tier_vendor,Crystalforge Pauldrons,inv_shoulder_14,Shoulder,Plate,,,,Crystalforge Raiment,Paladin,,Yellow|Yellow,stamina=4,,,,https://www.wowhead.com/tbc/item=30138,,,34,26,77,26,,,,,,,,16,,,,,,,,,,,,,,,,,,1251,
30139,T5,tier_vendor,Rift Stalker Hauberk,inv_chest_chain_15,Chest,Mail,,,,Rift Stalker Armor,Hunter,,Blue|Yellow|Yellow,agility=4,,,,https://www.wowhead.com/tbc/item=30139,,40,40,19,,,,,,,,,,,,,,80,80,,19,,,,,,,,,,,934,
30140,T5,tier_vendor,Rift Stalker Gauntlets,inv_gauntlets_25,Hands,Mail,,,,Rift Stalker Armor,Hunter,,,,,,,https://www.wowhead.com/tbc/item=30140,,34,29,20,,,,,,,,,,,,,,68,68,,19,,,,,,,,,,,583,
30141,T5,tier_vendor,Rift Stalker Helm,inv_helmet_15,Head,Mail,,,,Rift Stalker Armor,Hunter,,Yellow|Meta,stamina=6,,,,https://www.wowhead.com/tbc/item=30141,,40,36,25,,,,,,,,,,,,,,82,82,,,,,,,,,,,,,759,
30142,T5,tier_vendor,Rift Stalker Leggings,inv_pants_mail_15,Legs,Mail,,,,Rift Stalker Armor,Hunter,,Red,melee_crit=2,,,,https://www.wowhead.com/tbc/item=30142,,40,39,26,,,,,,,,,,,,,,92,92,,18,,,,,,,,,,,817,
30143,T5,tier_vendor,Rift Stalker Mantle,inv_shoulder_14,Shoulder,Mail,,,,Rift Stalker Armor,Hunter,,Red|Red,stamina=4,,,,https://www.wowhead.com/tbc/item=30143,,26,26,24,,,,,,,,,,,,,,52,52,,13,,,,,,,,,,,700,
30144,T5,tier_vendor,Deathmantle Chestguard,inv_chest_plate02,Chest,Leather,,,,Deathmantle,Rogue,,Yellow|Yellow|Blue,agility=4,,,,https://www.wowhead.com/tbc/item=30144,,33,57,,,,,,,,,,,,,,,94,94,,,17,,,,,,,,,,419,
30145,T5,tier_vendor,Deathmantle Handguards,inv_gauntlets_28,Hands,Leather,,,,Deathmantle,Rogue,,,,,,,https://www.wowhead.com/tbc/item=30145,,36,34,,,,,,,,,,,,,,,70,70,,24,,,,,,,,,,,262,
30146,T5,tier_vendor,Deathmantle Helm,inv_helmet_58,Head,Leather,,,,Deathmantle,Rogue,,Meta|Red,attack_power=8|ranged_attack_power=8,,,,https://www.wowhead.com/tbc/item=30146,,39,48,,,,,,,,,,,,,,,78,78,,,25,,,,,,,,,,341,
30148,T5,tier_vendor,Deathmantle Legguards,inv_pants_plate_05,Legs,Leather,,,,Deathmantle,Rogue,,Blue,attack_power=4|ranged_attack_power=4,,,,https://www.wowhead.com/tbc/item=30148,,47,49,,,,,,,,,,,,,,,86,86,,,26,,,,,,,,,,367,
30149,T5,tier_vendor,Deathmantle Shoulderpads,inv_shoulder_29,Shoulder,Leather,,,,Deathmantle,Rogue,,Red|Blue,melee_crit=3,,,,https://www.wowhead.com/tbc/item=30149,,34,37,,,,,,,,,,,,,,,54,54,,,13,,,,,,,,,,314,
30150,T5,tier_vendor,Vestments of the Avatar,inv_chest_cloth_43,Chest,Cloth,,,,Avatar Raiment,Priest,,Blue|Yellow|Blue,healing_power=9|spell_damage=3,,,,https://www.wowhead.com/tbc/item=30150,,,36,25,103,35,,,,,,,,,,,39,,,,,,,,,,,,,,,223,
30151,T5,tier_vendor,Gloves of the Avatar,inv_gauntlets_17,Hands,Cloth,,,,Avatar Raiment,Priest,,,,,,,https://www.wowhead.com/tbc/item=30151,,,26,27,77,26,,,,,,,,,,,29,,,,,,,,,,,,,,,140,
30152,T5,tier_vendor,Cowl of the Avatar,inv_crown_01,Head,Cloth,,,,Avatar Raiment,Priest,,Meta|Yellow,35=2,,,,https://www.wowhead.com/tbc/item=30152,,,40,28,103,35,,,,,,,,,,,31,,,,,,,,,,,,,,,181,
30153,T5,tier_vendor,Breeches of the Avatar,inv_pants_cloth_05,Legs,Cloth,,,,Avatar Raiment,Priest,,Blue,healing_power=4|spell_damage=2,,,,https://www.wowhead.com/tbc/item=30153,,,37,36,101,34,,,,,,,,,,,27,,,,,,,,,,,,,,,195,
30154,T5,tier_vendor,Mantle of the Avatar,inv_shoulder_25,Shoulder,Cloth,,,,Avatar Raiment,Priest,,Blue|Blue,healing_power=7|spell_damage=3,,,,https://www.wowhead.com/tbc/item=30154,,,26,26,77,26,,,,,,,,,,,20,,,,,,,,,,,,,,,168,
30159,T5,tier_vendor,Shroud of the Avatar,inv_chest_cloth_43,Chest,Cloth,,,,Avatar Regalia,Priest,,Yellow|Yellow|Blue,healing_power=5|spell_damage=5,,,,https://www.wowhead.com/tbc/item=30159,,,30,35,55,55,,,,,,,19,,,,20,,,,,,,,,,,,,,,223,
30160,T5,tier_vendor,Handguards of the Avatar,inv_gauntlets_17,Hands,Cloth,,,,Avatar Regalia,Priest,,,,,,,https://www.wowhead.com/tbc/item=30160,,,31,27,41,41,,,,,,,18,,,,25,,,,,,,,,,,,,,,140,
30161,T5,tier_vendor,Hood of the Avatar,inv_crown_01,Head,Cloth,,,,Avatar Regalia,Priest,,Meta|Yellow,healing_power=5|spell_damage=5,,,,https://www.wowhead.com/tbc/item=30161,,,30,36,55,55,,,,,,,24,,,,24,,,,,,,,,,,,,,,181,
30162,T5,tier_vendor,Leggings of the Avatar,inv_pants_cloth_05,Legs,Cloth,,,,Avatar Regalia,Priest,,Yellow,healing_power=2|spell_damage=2,,,,https://www.wowhead.com/tbc/item=30162,,,37,36,54,54,,,,,,,25,18,,,26,,,,,,,,,,,,,,,195,
30163,T5,tier_vendor,Wings of the Avatar,inv_shoulder_25,Shoulder,Cloth,,,,Avatar Regalia,Priest,,Yellow|Blue,healing_power=4|spell_damage=4,,,,https://www.wowhead.com/tbc/item=30163,,,22,24,41,41,,,,,,,,17,,,24,,,,,,,,,,,,,,,168,
30164,T5,tier_vendor,Cataclysm Chestguard,inv_chest_plate08,Chest,Mail,,,,Cataclysm Raiment,Shaman,,Blue|Blue|Yellow,healing_power=9|spell_damage=3,,,,https://www.wowhead.com/tbc/item=30164,,,36,33,90,30,,,,,,,,24,,,,,,,,,,,,,,,,,,934,
30165,T5,tier_vendor,Cataclysm Gloves,inv_gauntlets_25,Hands,Mail,,,,Cataclysm Raiment,Shaman,,,,,,,https://www.wowhead.com/tbc/item=30165,,,35,34,77,26,,,,,,,,17,,,,,,,,,,,,,,,,,,583,
30166,T5,tier_vendor,Cataclysm Headguard,inv_helmet_54,Head,Mail,,,,Cataclysm Raiment,Shaman,,Meta|Yellow,35=2,,,,https://www.wowhead.com/tbc/item=30166,,,40,37,103,35,,,,,,,,21,,,,,,,,,,,,,,,,,,759,
30167,T5,tier_vendor,Cataclysm Legguards,inv_pants_mail_15,Legs,Mail,,,,Cataclysm Raiment,Shaman,,Blue,healing_power=4|spell_damage=2,,,,https://www.wowhead.com/tbc/item=30167,,,48,47,103,35,,,,,,,,,,,,,,,,,,,,,,,,,,817,
30168,T5,tier_vendor,Cataclysm Shoulderguards,inv_shoulder_14,Shoulder,Mail,,,,Cataclysm Raiment,Shaman,,Blue|Blue,healing_power=7|spell_damage=3,,,,https://www.wowhead.com/tbc/item=30168,,,28,28,79,27,,,,,,,,,,,,,,,,,,,,,,,,,,700,
30169,T5,tier_vendor,Cataclysm Chestpiece,inv_chest_plate08,Chest,Mail,,,,Cataclysm Regalia,Shaman,,Blue|Yellow|Yellow,healing_power=5|spell_damage=5,,,,https://www.wowhead.com/tbc/item=30169,,,37,28,55,55,,,,,,,,24,,,,,,,,,,,,,,,,,,934,
30170,T5,tier_vendor,Cataclysm Handgrips,inv_gauntlets_25,Hands,Mail,,,,Cataclysm Regalia,Shaman,,,,,,,https://www.wowhead.com/tbc/item=30170,,,25,27,41,41,,,,,,,19,19,,,,,,,,,,,,,,,,,,583,
30171,T5,tier_vendor,Cataclysm Headpiece,inv_helmet_15,Head,Mail,,,,Cataclysm Regalia,Shaman,,Meta|Yellow,spell_hit=4,,,,https://www.wowhead.com/tbc/item=30171,,,35,28,54,54,,,,,,,18,26,,,,,,,,,,,,,,,,,,759,
30172,T5,tier_vendor,Cataclysm Leggings,inv_pants_mail_15,Legs,Mail,,,,Cataclysm Regalia,Shaman,,Yellow,healing_power=2|spell_damage=2,,,,https://www.wowhead.com/tbc/item=30172,,,48,46,54,54,,,,,,,14,24,,,,,,,,,,,,,,,,,,817,
30173,T5,tier_vendor,Cataclysm Shoulderpads,inv_shoulder_14,Shoulder,Mail,,,,Cataclysm Regalia,Shaman,,Blue|Yellow,spell_crit=3,,,,https://www.wowhead.com/tbc/item=30173,,,26,19,41,41,,,,,,,,24,,,,,,,,,,,,,,,,,,700,
30185,T5,tier_vendor,Cataclysm Chestplate,inv_chest_plate08,Chest,Mail,,,,Cataclysm Harness,Shaman,,Red|Blue|Yellow,melee_crit=4,,,,https://www.wowhead.com/tbc/item=30185,41,32,46,28,,,,,,,,,,,,,,,,,19,,,,,,,,,,,934,
30189,T5,tier_vendor,Cataclysm Gauntlets,inv_gauntlets_25,Hands,Mail,,,,Cataclysm Harness,Shaman,,,,,,,https://www.wowhead.com/tbc/item=30189,35,24,34,23,,,,,,,,,,,,,,,,,24,,,,,,,,,,,583,
30190,T5,tier_vendor,Cataclysm Helm,inv_helmet_15,Head,Mail,,,,Cataclysm Harness,Shaman,,Meta|Yellow,agility=4,,,,https://www.wowhead.com/tbc/item=30190,41,32,46,23,,,,,,,,,,,,,,,,,21,,,,,,,,,,,759,
30192,T5,tier_vendor,Cataclysm Legplates,inv_pants_mail_15,Legs,Mail,,,,Cataclysm Harness,Shaman,,Red,agility=2,,,,https://www.wowhead.com/tbc/item=30192,41,32,58,31,,,,,,,,,,,,,,,,,21,,,,,,,,,,,817,
30194,T5,tier_vendor,Cataclysm Shoulderplates,inv_shoulder_14,Shoulder,Mail,,,,Cataclysm Harness,Shaman,,Blue|Yellow,melee_crit=3,,,,https://www.wowhead.com/tbc/item=30194,30,,37,21,,,,,,,,,,,,,,,,,,22,,,,,,,,,,700,
30196,T5,tier_vendor,Robes of Tirisfal,inv_chest_cloth_43,Chest,Cloth,,,,Tirisfal Regalia,Mage,,Yellow|Yellow|Blue,healing_power=5|spell_damage=5,,,,https://www.wowhead.com/tbc/item=30196,,,30,35,55,55,,,,,,,,19,,,20,,,,,,,,,,,,,,,223,
30205,T5,tier_vendor,Gloves of Tirisfal,inv_gauntlets_17,Hands,Cloth,,,,Tirisfal Regalia,Mage,,,,,,,https://www.wowhead.com/tbc/item=30205,,,26,27,41,41,,,,,,,,27,,,18,,,,,,,,,,,,,,,140,
30206,T5,tier_vendor,Cowl of Tirisfal,inv_crown_01,Head,Cloth,,,,Tirisfal Regalia,Mage,,Meta|Yellow,spell_hit=4,,,,https://www.wowhead.com/tbc/item=30206,,,30,36,55,55,,,,,,,,24,,,24,,,,,,,,,,,,,,,181,
30207,T5,tier_vendor,Leggings of Tirisfal,inv_pants_cloth_05,Legs,Cloth,,,,Tirisfal Regalia,Mage,,Yellow,spell_hit=2,,,,https://www.wowhead.com/tbc/item=30207,,,37,36,54,54,,,,,,,26,17,,,26,,,,,,,,,,,,,,,195,
30210,T5,tier_vendor,Mantle of Tirisfal,inv_shoulder_25,Shoulder,Cloth,,,,Tirisfal Regalia,Mage,,Yellow|Blue,healing_power=4|spell_damage=4,,,,https://www.wowhead.com/tbc/item=30210,,,22,24,40,40,,,,,,,,17,,,24,,,,,,,,,,,,,,,168,
30211,T5,tier_vendor,Gloves of the Corruptor,inv_gauntlets_17,Hands,Cloth,,,,Corruptor Raiment,Warlock,,,,,,,https://www.wowhead.com/tbc/item=30211,,,50,24,42,42,,,,,,,,25,,,,,,,,,,,,,,,,,,140,
30212,T5,tier_vendor,Hood of the Corruptor,inv_crown_01,Head,Cloth,,,,Corruptor Raiment,Warlock,,Meta|Blue,healing_power=5|spell_damage=5,,,,https://www.wowhead.com/tbc/item=30212,,,57,33,55,55,,,,,,,,31,,,,,,,,,,,,,,,,,,181,
30213,T5,tier_vendor,Leggings of the Corruptor,inv_pants_cloth_05,Legs,Cloth,,,,Corruptor Raiment,Warlock,,Yellow,stamina=3,,,,https://www.wowhead.com/tbc/item=30213,,,48,32,55,55,,,,,,,24,32,,,,,,,,,,,,,,,,,,195,
30214,T5,tier_vendor,Robe of the Corruptor,inv_chest_cloth_43,Chest,Cloth,,,,Corruptor Raiment,Warlock,,Yellow|Yellow|Yellow,healing_power=5|spell_damage=5,,,,https://www.wowhead.com/tbc/item=30214,,,48,33,55,55,,,,,,,23,,,,,,,,,,,,,,,,,,,223,
30215,T5,tier_vendor,Mantle of the Corruptor,inv_shoulder_25,Shoulder,Cloth,,,,Corruptor Raiment,Warlock,,Yellow|Yellow,healing_power=4|spell_damage=4,,,,https://www.wowhead.com/tbc/item=30215,,,37,24,41,41,,,,,,,18,,,,,,,,,,,,,,,,,,,168,
30216,T5,tier_vendor,Nordrassil Chestguard,inv_chest_chain_15,Chest,Leather,,,,Nordrassil Raiment,Druid,,Blue|Blue|Blue,healing_power=9|spell_damage=3,,,,https://www.wowhead.com/tbc/item=30216,,,36,33,103,35,,,,,,,,,,,31,,,,,,,,,,,,,,,419,
30217,T5,tier_vendor,Nordrassil Gloves,inv_gauntlets_25,Hands,Leather,,,,Nordrassil Raiment,Druid,,,,,,,https://www.wowhead.com/tbc/item=30217,,,26,27,77,26,,,,,,,,,,,24,,,,,,,,,,,,,,,262,
30219,T5,tier_vendor,Nordrassil Headguard,inv_helmet_15,Head,Leather,,,,Nordrassil Raiment,Druid,,Yellow|Meta,35=2,,,,https://www.wowhead.com/tbc/item=30219,,,40,28,103,35,,,,,,,,,,,31,,,,,,,,,,,,,,,341,
30220,T5,tier_vendor,Nordrassil Life-Kilt,inv_pants_mail_15,Legs,Leather,,,,Nordrassil Raiment,Druid,,Blue,healing_power=4|spell_damage=2,,,,https://www.wowhead.com/tbc/item=30220,,,37,36,101,34,,,,,,,,,,,27,,,,,,,,,,,,,,,367,
30221,T5,tier_vendor,Nordrassil Life-Mantle,inv_shoulder_14,Shoulder,Leather,,,,Nordrassil Raiment,Druid,,Blue|Blue,healing_power=7|spell_damage=3,,,,https://www.wowhead.com/tbc/item=30221,,,26,27,77,26,,,,,,,,,,,16,,,,,,,,,,,,,,,314,
30222,T5,tier_vendor,Nordrassil Chestplate,inv_chest_chain_15,Chest,Leather,,,,Nordrassil Harness,Druid,,Blue|Yellow|Red,strength=4,,,,https://www.wowhead.com/tbc/item=30222,46,30,43,17,,,,,,,,,,,,,,,,,,,,,,,,,,,,419,308
30223,T5,tier_vendor,Nordrassil Handgrips,inv_gauntlets_25,Hands,Leather,,,,Nordrassil Harness,Druid,,,,,,,https://www.wowhead.com/tbc/item=30223,35,27,40,18,,,,,,,,,,,,,,,,,,,,,,,,,,,,262,252
30228,T5,tier_vendor,Nordrassil Headdress,inv_helmet_15,Head,Leather,,,,Nordrassil Harness,Druid,,Red|Meta,stamina=6,,,,https://www.wowhead.com/tbc/item=30228,46,33,43,17,,,,,,,,,,,,,,,,,,,,,,,,,,,,341,224
30229,T5,tier_vendor,Nordrassil Feral-Kilt,inv_pants_mail_15,Legs,Leather,,,,Nordrassil Harness,Druid,,Blue,agility=2,,,,https://www.wowhead.com/tbc/item=30229,46,37,42,17,,,,,,,,,,,,,,,,,18,,,,,,,,,,,367,336
30230,T5,tier_vendor,Nordrassil Feral-Mantle,inv_shoulder_14,Shoulder,Leather,,,,Nordrassil Harness,Druid,,Yellow|Blue,strength=3,,,,https://www.wowhead.com/tbc/item=30230,35,34,28,11,,,,,,,,,,,,,,,,,,,,,,,,,,,,314,154
30231,T5,tier_vendor,Nordrassil Chestpiece,inv_chest_chain_15,Chest,Leather,,,,Nordrassil Regalia,Druid,,Blue|Blue|Yellow,spell_crit=4,,,,https://www.wowhead.com/tbc/item=30231,,,36,32,54,54,,,,,,,19,17,,,25,,,,,,,,,,,,,,,419,
30232,T5,tier_vendor,Nordrassil Gauntlets,inv_gauntlets_25,Hands,Leather,,,,Nordrassil Regalia,Druid,,,,,,,https://www.wowhead.com/tbc/item=30232,,,26,27,41,41,,,,,,,,24,,,23,,,,,,,,,,,,,,,262,
30233,T5,tier_vendor,Nordrassil Headpiece,inv_helmet_15,Head,Leather,,,,Nordrassil Regalia,Druid,,Yellow|Meta,healing_power=5|spell_damage=5,,,,https://www.wowhead.com/tbc/item=30233,,,35,28,54,54,,,,,,,10,25,,,24,,,,,,,,,,,,,,,341,
30234,T5,tier_vendor,Nordrassil Wrath-Kilt,inv_pants_mail_15,Legs,Leather,,,,Nordrassil Regalia,Druid,,Blue,healing_power=2|spell_damage=2,,,,https://www.wowhead.com/tbc/item=30234,,,37,36,54,54,,,,,,,,26,,,26,,,,,,,,,,,,,,,367,
30235,T5,tier_vendor,Nordrassil Wrath-Mantle,inv_shoulder_14,Shoulder,Leather,,,,Nordrassil Regalia,Druid,,Blue|Yellow,healing_power=4|spell_damage=4,,,,https://www.wowhead.com/tbc/item=30235,,,26,27,41,41,,,,,,,15,,,,16,,,,,,,,,,,,,,,314,
30279,,drop,Mama's Insurance,inv_weapon_rifle_06,Ranged,,,,3,,,,,,87,163,2.2,https://www.wowhead.com/tbc/item=30279,,10,,,,,,,,,,,,,,,,32,32,,,6,,,,,,,,,,,
30311,T5,raid_drop,Warp Slicer,inv_sword_69,Weapon,,One Hand,Sword,,,,yes,,,248,461,2.9,https://www.wowhead.com/tbc/item=30311,,,35,,,,,,,,,,,,,,,70,70,,,25,,,,,,,,,,,
30312,T5,raid_drop,Infinity Blade,inv_weapon_shortblade_47,Weapon,,One Hand,Dagger,,,,,,,171,318,2,https://www.wowhead.com/tbc/item=30312,,,35,,,,,,,,,,,,,,,70,70,,,25,,,,,,,,,,,
30313,T5,raid_drop,Staff of Disintegration,inv_staff_52,Weapon,,Two Hand,Staff,,,,,,,131,310,2.8,https://www.wowhead.com/tbc/item=30313,,,75,50,325,325,,,,,,,,75,,,,,,1459,,,,,,,,,,,,,
30314,T5,raid_drop,Phaseshift Bulwark,inv_shield_31,Weapon,,Off Hand,Shield,,,,yes,,,,,,https://www.wowhead.com/tbc/item=30314,,,40,,,,,,,,,,,,,,,,,,,,,,,40,,208,,,,7313,
30316,T5,raid_drop,Devastation,inv_axe_68,Weapon,,Two Hand,Axe,,,,yes,,,496,744,3.9,https://www.wowhead.com/tbc/item=30316,,,75,,,,,,,,,,,,,,,150,150,,,50,,,,,,,,,,,
30317,T5,raid_drop,Cosmic Infuser,inv_mace_48,Weapon,,Main Hand,Mace,,,,yes,,,14,220,2.8,https://www.wowhead.com/tbc/item=30317,,,40,40,600,200,,,,,,,,,,,40,,,,,,,,,,,,,,,,
30318,T5,raid_drop,Netherstrand Longbow,inv_weapon_bow_19,Ranged,,,,1,,Hunter,yes,,,256,385,2.9,https://www.wowhead.com/tbc/item=30318,,,20,,,,,,,,,,,,,,,,70,,,50,,,,,,,,,,,
30340,,drop,Starkiller's Bauble,spell_arcane_arcaneresilience,Trinket,,,,,,,yes,,,,,,https://www.wowhead.com/tbc/item=30340,,,,,,,,,,,,,26,,,,,,,,,,,,,,,,,,,,
30377,,drop,Karja's Medallion,inv_jewelry_necklace_11,Neck,,,,,,,,,,,,,https://www.wowhead.com/tbc/item=30377,,,,15,55,19,,,,,,,,,,,10,,,,,,,,,,,,,,,,
30446,T5,raid_drop,Solarian's Sapphire,inv_misc_gem_sapphire_01,Trinket,,,,,,Warrior,yes,,,,,,https://www.wowhead.com/tbc/item=30446,,,30,,,,,,,,,,,,,,,,,,,,,,,,,,,,,,
30447,T5,raid_drop,Tome of Fiery Redemption,inv_misc_book_07,Trinket,,,,,,Paladin,yes,,,,,,https://www.wowhead.com/tbc/item=30447,,,,,,,,,,,,,,,,,,,,,,,,,,,,,,,,,
30448,T5,raid_drop,Talon of Al'ar,spell_fire_soulburn,Trinket,,,,,,Hunter,yes,,,,,,https://www.wowhead.com/tbc/item=30448,,,,,,,,,,,,,,,,,,,,,,,,,,,,,,,,,
30449,T5,raid_drop,Void Star Talisman,inv_misc_gem_ebondraenite_01,Trinket,,,,,,Warlock,,,,,,,https://www.wowhead.com/tbc/item=30449,,,,,,48,,,,,,,,,,,,,,,,,,,,,,,,,,,
30450,T5,raid_drop,Warp-Spring Coil,inv_gizmo_hardenedadamantitetube,Trinket,,,,,,Rogue,yes,,,,,,https://www.wowhead.com/tbc/item=30450,,,,,,,,,,,,,,,,,,,,,21,,,,,,,,,,,,
30619,T5,raid_drop,Fel Reaver's Piston,inv_misc_enggizmos_14,Trinket,,,,,,,yes,,,,,,https://www.wowhead.com/tbc/item=30619,,,,,,,,,,,,,,,,,,,,,,,,,,,,,,,,,
30620,T5,raid_drop,Spyglass of the Hidden Fleet,inv_misc_spyglass_02,Trinket,,,,,,,yes,,,,,,https://www.wowhead.com/tbc/item=30620,,,40,,,,,,,,,,,,,,,,,,,,,,,,,,,,,,
30621,T5,raid_drop,Prism of Inner Calm,inv_misc_gem_diamond_07,Trinket,,,,,,,yes,,,,,,https://www.wowhead.com/tbc/item=30621,,,,,,,,,,,,,,,,,,,,,,,,,,,,,,,,,
30626,T5,raid_drop,Sextant of Unstable Currents,inv_gizmo_09,Trinket,,,,,,,yes,,,,,,https://www.wowhead.com/tbc/item=30626,,,,,,,,,,,,,,40,,,,,,,,,,,,,,,,,,,
30627,T5,raid_drop,Tsunami Talisman,spell_nature_unrelentingstorm,Trinket,,,,,,,yes,,,,,,https://www.wowhead.com/tbc/item=30627,,,,,,,,,,,,,,,,,,,,,10,38,,,,,,,,,,,
30629,T5,raid_drop,Scarab of Displacement,inv_trinket_naxxramas05,Trinket,,,,,,,yes,,,,,,https://www.wowhead.com/tbc/item=30629,,,,,,,,,,,,,,,,,,,,,,,,,,42,,,,,,,
30641,T4,raid_drop,Boots of Elusion,inv_boots_plate_04,Feet,Plate,,,,,,,,,,,,https://www.wowhead.com/tbc/item=30641,,,34,,,,,,,,,,,,,,,,,,,,,,,23,,,38,,,997,
30642,T4,raid_drop,Drape of the Righteous,inv_misc_cape_18,Back,Cloth,,,,,,,,,,,,https://www.wowhead.com/tbc/item=30642,,,,13,,,,,,43,,,,,,,,,,,,,,,,,,,,,,97,
30643,T4,raid_drop,Belt of the Tracker,inv_belt_22,Waist,Mail,,,,,,,,,,,,https://www.wowhead.com/tbc/item=30643,,,,15,,,,,,,,,,,,,,42,42,,,,,,,,,,,,,457,
30644,T4,raid_drop,Grips of Deftness,inv_gauntlets_28,Hands,Leather,,,,,,,,,,,,https://www.wowhead.com/tbc/item=30644,,29,34,,,,,,,,,,,,,,,60,60,,,,,,15,,,,,,,228,
30663,T5,raid_drop,Fathom-Brooch of the Tidewalker,inv_misc_qirajicrystal_04,Trinket,,,,,,Shaman,yes,,,,,,https://www.wowhead.com/tbc/item=30663,,,,,,,,,,,,,,,,,,,,,,,,,,,,,,,,,
30664,T5,raid_drop,Living Root of the Wildheart,inv_misc_herb_nightmarevine,Trinket,,,,,,Druid,yes,,,,,,https://www.wowhead.com/tbc/item=30664,,,,,,,,,,,,,,,,,,,,,,,,,,,,,,,,,
30665,T5,raid_drop,Earring of Soulful Meditation,inv_jewelry_ring_07,Trinket,,,,,,Priest,yes,,,,,,https://www.wowhead.com/tbc/item=30665,,,,,66,22,,,,,,,,,,,,,,,,,,,,,,,,,,,
30666,T4,raid_drop,Ritssyn's Lost Pendant,inv_jewelry_necklace_30naxxramas,Neck,,,,,,,,,,,,,https://www.wowhead.com/tbc/item=30666,,,24,,,,,,,,,51,,,,,,,,,,,,,,,,,,,,,
30667,T4,raid_drop,Ring of Unrelenting Storms,inv_jewelry_ring_51naxxramas,Finger,,,,,,,,,,,,,https://www.wowhead.com/tbc/item=30667,,,,15,,,,,,,43,,,19,,,,,,,,,,,,,,,,,,,
30668,T4,raid_drop,Grasp of the Dead,inv_gauntlets_17,Hands,Cloth,,,,,,,,,,,,https://www.wowhead.com/tbc/item=30668,,,,24,,,,,46,,,,17,,,,21,,,,,,,,,,,,,,,121,
30673,T4,raid_drop,Inferno Waist Cord,inv_belt_03,Waist,Cloth,,,,,,,,,,,,https://www.wowhead.com/tbc/item=30673,,,,18,,,,59,,,,,,24,,,,,,,,,,,,,,,,,,109,
30674,T4,raid_drop,Zierhut's Lost Treads,inv_boots_plate_06,Feet,Leather,,,,,,,,,,,,https://www.wowhead.com/tbc/item=30674,34,28,33,,,,,,,,,,,,,,,,,,,,,,,,,,,,,250,140
30675,T4,raid_drop,Lurker's Cord,inv_belt_03,Waist,Cloth,,,,,,,,,,,,https://www.wowhead.com/tbc/item=30675,,,,,,,,,,,,,,,,,,,,,,,,,,,,,,,,109,
30676,T4,raid_drop,Lurker's Grasp,inv_belt_25,Waist,Leather,,,,,,,,,,,,https://www.wowhead.com/tbc/item=30676,,,,,,,,,,,,,,,,,,,,,,,,,,,,,,,,205,
30677,T4,raid_drop,Lurker's Belt,inv_belt_03,Waist,Mail,,,,,,,,,,,,https://www.wowhead.com/tbc/item=30677,,,,,,,,,,,,,,,,,,,,,,,,,,,,,,,,457,
30678,T4,raid_drop,Lurker's Girdle,inv_belt_22,Waist,Plate,,,,,,,,,,,,https://www.wowhead.com/tbc/item=30678,,,,,,,,,,,,,,,,,,,,,,,,,,,,,,,,816,
30680,T4,raid_drop,Glider's Foot-Wraps,inv_boots_05,Feet,Cloth,,,,,,,,,,,,https://www.wowhead.com/tbc/item=30680,,,,,,,,,,,,,,,,,,,,,,,,,,,,,,,,134,
30681,T4,raid_drop,Glider's Boots,inv_boots_05,Feet,Leather,,,,,,,,,,,,https://www.wowhead.com/tbc/item=30681,,,,,,,,,,,,,,,,,,,,,,,,,,,,,,,,250,
30682,T4,raid_drop,Glider's Sabatons,inv_boots_chain_05,Feet,Mail,,,,,,,,,,,,https://www.wowhead.com/tbc/item=30682,,,,,,,,,,,,,,,,,,,,,,,,,,,,,,,,558,
30683,T4,raid_drop,Glider's Greaves,inv_boots_plate_04,Feet,Plate,,,,,,,,,,,,https://www.wowhead.com/tbc/item=30683,,,,,,,,,,,,,,,,,,,,,,,,,,,,,,,,997,
30684,T4,raid_drop,Ravager's Cuffs,inv_bracer_10,Wrist,Cloth,,,,,,,,,,,,https://www.wowhead.com/tbc/item=30684,,,,,,,,,,,,,,,,,,,,,,,,,,,,,,,,85,
30685,T4,raid_drop,Ravager's Wrist-Wraps,inv_bracer_07,Wrist,Leather,,,,,,,,,,,,https://www.wowhead.com/tbc/item=30685,,,,,,,,,,,,,,,,,,,,,,,,,,,,,,,,159,
30686,T4,raid_drop,Ravager's Bands,inv_bracer_02,Wrist,Mail,,,,,,,,,,,,https://www.wowhead.com/tbc/item=30686,,,,,,,,,,,,,,,,,,,,,,,,,,,,,,,,355,
30687,T4,raid_drop,Ravager's Bracers,inv_bracer_07,Wrist,Plate,,,,,,,,,,,,https://www.wowhead.com/tbc/item=30687,,,,,,,,,,,,,,,,,,,,,,,,,,,,,,,,634,
30720,T5,raid_drop,Serpent-Coil Braid,spell_nature_poisoncleansingtotem,Trinket,,,,,,Mage,yes,,,,,,https://www.wowhead.com/tbc/item=30720,,,,,,,,,,,,,12,30,,,,,,,,,,,,,,,,,,,
30787,,drop,Illidari-Bane Mageblade,inv_sword_77,Weapon,,Main Hand,Dagger,,,,yes,,,31,101,1.6,https://www.wowhead.com/tbc/item=30787,,,12,11,,,,,,,,,,20,,,,,,,,,,,,,,,,,,,
30789,,drop,Illidari-Bane Claymore,inv_sword_82,Weapon,,Two Hand,Sword,,,,yes,,,276,414,3.7,https://www.wowhead.com/tbc/item=30789,,,34,,,,,,,,,,,,,,,,,,,37,,,,,,,,,,,
30832,,drop,Gavel of Unearthed Secrets,inv_hammer_08,Weapon,,Main Hand,Mace,,,,,,,46,178,2.7,https://www.wowhead.com/tbc/item=30832,,,24,16,159,159,,,,,,,,15,,,,,,,,,,,,,,,,,,,
30834,,drop,Shapeshifter's Signet,inv_jewelry_ring_41,Finger,,,,,,,,,,,,,https://www.wowhead.com/tbc/item=30834,,25,18,,,,,,,,,,,,,,,,,,,,,,20,,,,,,,,
30841,,drop,Lower City Prayerbook,inv_misc_book_11,Trinket,,,,,,,yes,,,,,,https://www.wowhead.com/tbc/item=30841,,,,,70,24,,,,,,,,,,,,,,,,,,,,,,,,,,,
30859,,drop,Wand of the Seer,inv_wand_11,Ranged,,,,5,,,,,,110,205,1.3,https://www.wowhead.com/tbc/item=30859,,,,8,18,18,,,,,,,,,,,5,,,,,,,,,,,,,,,,
30861,T6,raid_drop,Furious Shackles,inv_bracer_15,Wrist,Plate,,,,,,,Yellow,stamina=3,,,,https://www.wowhead.com/tbc/item=30861,35,,28,,,,,,,,,,,,,,,,,,,19,,,,,,,,,,772,
30862,T6,raid_drop,Blessed Adamantite Bracers,inv_bracer_19,Wrist,Plate,,,,,,,Yellow,stamina=3,,,,https://www.wowhead.com/tbc/item=30862,,,22,22,62,21,,,,,,,,21,,,,,,,,,,,,,,,,,,772,
30863,T6,raid_drop,Deadly Cuffs,inv_bracer_09,Wrist,Leather,,,,,,,Yellow,stamina=3,,,,https://www.wowhead.com/tbc/item=30863,,,28,,,,,,,,,,,,,,,58,58,,12,28,,,,,,,,,,194,
30864,T6,raid_drop,Bracers of the Pathfinder,inv_bracer_02,Wrist,Mail,,,,,,,Blue,melee_crit=2,,,,https://www.wowhead.com/tbc/item=30864,,25,24,24,,,,,,,,,,,,,,48,48,,,,,,,,,,,,,432,
30865,T6,raid_drop,Tracker's Blade,inv_weapon_shortblade_59,Weapon,,One Hand,Dagger,,,,,,,105,196,1.5,https://www.wowhead.com/tbc/item=30865,,,,,,,,,,,,,,,,,,44,44,,20,23,,,,,,,,,,,
30866,T6,raid_drop,Blood-stained Pauldrons,inv_shoulder_65,Shoulder,Plate,,,,,,,,,,,,https://www.wowhead.com/tbc/item=30866,47,,34,,,,,,,,,,,,,,,,,,23,32,,,,,,,,,,1324,
30868,T6,raid_drop,Rejuvenating Bracers,inv_bracer_08,Wrist,Leather,,,,,,,Blue,healing_power=4|spell_damage=2,,,,https://www.wowhead.com/tbc/item=30868,,,16,20,64,22,,,,,,,,,,,28,,,,,,,,,,,,,,,194,
30869,T6,raid_drop,Howling Wind Bracers,inv_bracer_03,Wrist,Mail,,,,,,,Blue,35=1,,,,https://www.wowhead.com/tbc/item=30869,,,29,21,62,21,,,,,,,,,,,,,,,,,,,,,,,,,,432,
30870,T6,raid_drop,Cuffs of Devastation,inv_bracer_12,Wrist,Cloth,,,,,,,Yellow,stamina=3,,,,https://www.wowhead.com/tbc/item=30870,,,22,20,34,34,,,,,,,,14,,,19,,,,,,,,,,,,,,,103,
30871,T6,raid_drop,Bracers of Martyrdom,inv_bracer_13,Wrist,Cloth,,,,,,,Blue,healing_power=4|spell_damage=2,,,,https://www.wowhead.com/tbc/item=30871,,,15,20,64,22,,,,,,,,,,,28,,,,,,,,,,,,,,,103,
30872,T6,raid_drop,Chronicle of Dark Secrets,inv_offhand_hyjal_d_01,Weapon,,Off Hand,Off Hand,,,,,,,,,,https://www.wowhead.com/tbc/item=30872,,,16,12,42,42,,,,,,,17,23,,,,,,,,,,,,,,,,,,,
30873,T6,raid_drop,Stillwater Boots,inv_boots_chain_08,Feet,Mail,,,,,,,,,,,,https://www.wowhead.com/tbc/item=30873,,,39,36,84,28,,,,,,,,,,,,,,,,,,,,,,,,,,679,
30874,T6,raid_drop,The Unbreakable Will,inv_sword_86,Weapon,,One Hand,Sword,,,,,,,112,209,1.6,https://www.wowhead.com/tbc/item=30874,,,33,,,,,,,,,,,,,,,,,,,,,,,21,,,,,,308,
30878,T6,raid_drop,Glimmering Steel Mantle,inv_shoulder_65,Shoulder,Plate,,,,,,,Blue|Yellow,spell_crit=3,,,,https://www.wowhead.com/tbc/item=30878,,,26,27,84,28,,,,,,,,29,,,,,,,,,,,,,,,,,,1324,
30879,T6,raid_drop,Don Alejandro's Money Belt,inv_belt_26,Waist,Leather,,,,,,,Red|Yellow,stamina=4,,,,https://www.wowhead.com/tbc/item=30879,,29,37,,,,,,,,,,,,,,,76,76,,,19,,,,,,,,,,249,
30880,T6,raid_drop,Quickstrider Moccasins,inv_boots_chain_09,Feet,Mail,,,,,,,Red|Yellow,agility=3,,,,https://www.wowhead.com/tbc/item=30880,,28,30,31,,,,,,,,,,,,,,58,58,,15,,,,,,,,,,,679,
30881,T6,raid_drop,Blade of Infamy,inv_sword_85,Weapon,,One Hand,Sword,,,,,,,182,339,2.6,https://www.wowhead.com/tbc/item=30881,,28,,,,,,,,,,,,,,,,56,56,,,,,,,,,,,,,,
30882,T6,raid_drop,Bastion of Light,inv_shield_38,Weapon,,Off Hand,Shield,,,,,Red,35=1,,,,https://www.wowhead.com/tbc/item=30882,,,28,28,62,21,,,,,,,,,,,,,,,,,,,,,,160,,,,5930,
30883,T6,raid_drop,Pillar of Ferocity,inv_staff_60,Weapon,,Two Hand,Staff,,,,,,,136,293,3,https://www.wowhead.com/tbc/item=30883,47,,96,,,,,,,,,,,,,,,,,1059,,,,,,,,,,,,550,
30884,T6,raid_drop,Hatefury Mantle,inv_shoulder_68,Shoulder,Cloth,,,,,,,Blue|Yellow,spell_crit=3,,,,https://www.wowhead.com/tbc/item=30884,,,15,18,55,55,,,,,,,,24,,23,,,,,,,,,,,,,,,,177,
30885,T6,raid_drop,Archbishop's Slippers,inv_boots_cloth_14,Feet,Cloth,,,,,,,,,,,,https://www.wowhead.com/tbc/item=30885,,,29,30,84,28,,,,,,,,,,,37,,,,,,,,,,,,,,,162,
30886,T6,raid_drop,Enchanted Leather Sandals,inv_boots_wolf,Feet,Leather,,,,,,,,,,,,https://www.wowhead.com/tbc/item=30886,,,34,29,84,28,,,,,,,,,,,37,,,,,,,,,,,,,,,305,
30887,T6,raid_drop,Golden Links of Restoration,inv_chest_mail_04,Chest,Mail,,,,,,,,,,,,https://www.wowhead.com/tbc/item=30887,,,51,35,118,37,,,,,,,,,,,,,,,,,,,,,,,,,,988,
30888,T6,raid_drop,Anetheron's Noose,inv_belt_03,Waist,Cloth,,,,,,,Yellow|Blue,healing_power=4|spell_damage=4,,,,https://www.wowhead.com/tbc/item=30888,,,22,23,55,55,,,,,,,,24,,,,,,,,,,,,,,,,,,133,
30889,T6,raid_drop,Kaz'rogal's Hardened Heart,inv_shield_39,Weapon,,Off Hand,Shield,,,,,Yellow,stamina=3,,,,https://www.wowhead.com/tbc/item=30889,,,43,,,,,,,,,,,,,,,,,,21,,,,,28,,160,,,,5930,
30891,T6,raid_drop,Black Featherlight Boots,inv_boots_cloth_05,Feet,Leather,,,,,,,,,,,,https://www.wowhead.com/tbc/item=30891,,,41,,,,,,,,,,,,,,,98,98,,34,,,,,,,,,,,305,
30892,T6,raid_drop,Beast-tamer's Shoulders,inv_shoulder_59,Shoulder,Mail,,,,,,yes,,,,,,https://www.wowhead.com/tbc/item=30892,,39,38,,,,,,,,,,,,,,,78,78,,,,,,,,,,,,,741,
30893,T6,raid_drop,Sun-touched Chain Leggings,inv_pants_mail_17,Legs,Mail,,,,,,,Yellow|Blue|Blue,healing_power=9|spell_damage=3,,,,https://www.wowhead.com/tbc/item=30893,,,39,28,110,37,,,,,,,,,,,,,,,,,,,,,,,,,,864,
30894,T6,raid_drop,Blue Suede Shoes,inv_boots_cloth_01,Feet,Cloth,,,,,,,,,,,,https://www.wowhead.com/tbc/item=30894,,,37,32,56,56,,,,,,,18,,,,,,,,,,,,,,,,,,,162,
30895,T6,raid_drop,Angelista's Sash,inv_belt_08,Waist,Cloth,,,,,,,,,,,,https://www.wowhead.com/tbc/item=30895,,,29,30,84,28,,,,,,,,,37,,,,,,,,,,,,,,,,,133,
30896,T6,raid_drop,Glory of the Defender,inv_chest_plate02,Chest,Plate,,,,,,,,,,,,https://www.wowhead.com/tbc/item=30896,,,75,,,,,,,,,,,,,,,,,,34,,,,,35,,,51,,,1765,
30897,T6,raid_drop,Girdle of Hope,inv_belt_28,Waist,Plate,,,,,,,Yellow|Yellow,intellect=3,,,,https://www.wowhead.com/tbc/item=30897,,,38,27,84,28,,,,,,,,21,,,,,,,,,,,,,,,,,,993,
30898,T6,raid_drop,Shady Dealer's Pantaloons,inv_pants_leather_25,Legs,Leather,,,,,,,,,,,,https://www.wowhead.com/tbc/item=30898,,50,61,,,,,,,,,,,,,,,102,100,,,,,175,,,,,,,,388,
30899,T6,raid_drop,Don Rodrigo's Poncho,inv_chest_leather_01,Chest,Leather,,,,,,,,,,,,https://www.wowhead.com/tbc/item=30899,,,39,31,118,37,,,,,,,,,,,52,,,,,,,,,,,,,,,444,
30900,T6,raid_drop,Bow-stitched Leggings,inv_pants_mail_15,Legs,Mail,,,,,,,Red|Yellow|Blue,melee_crit=4,,,,https://www.wowhead.com/tbc/item=30900,,42,28,28,,,,,,,,,,,,,,100,100,,,20,,,,,,,,,,864,
30901,T6,raid_drop,Boundless Agony,inv_weapon_shortblade_59,Weapon,,One Hand,Dagger,,,,,,,144,217,1.8,https://www.wowhead.com/tbc/item=30901,,,,,,,,,,,,,,,,,,,,,,24,,210,,,,,,,,,
30902,T6,raid_drop,Cataclysm's Edge,inv_sword_68,Weapon,,Two Hand,Sword,,,,,,,386,580,3.5,https://www.wowhead.com/tbc/item=30902,75,,49,,,,,,,,,,,,,,,,,,,,,335,,,,,,,,,
30903,T6,raid_drop,Legguards of Endless Rage,inv_pants_plate_21,Legs,Plate,,,,,,,,,,,,https://www.wowhead.com/tbc/item=30903,70,,61,,,,,,,,,,,,,,,,,,19,46,,,,,,,,,,1650,
30904,T6,raid_drop,Savior's Grasp,inv_chest_plate02,Chest,Plate,,,,,,,,,,,,https://www.wowhead.com/tbc/item=30904,,,69,48,106,36,,,,,,,,46,,,,,,,,,,,,,,,,,,1886,
30905,T6,raid_drop,Midnight Chestguard,inv_chest_plate02,Chest,Leather,,,,,,,Blue|Red|Yellow,attack_power=8|ranged_attack_power=8,,,,https://www.wowhead.com/tbc/item=30905,,,64,,,,,,,,,,,,,,,106,106,,29,46,,,,,,,,,,474,
30906,T6,raid_drop,Bristleblitz Striker,inv_weapon_bow_30,Ranged,,,,1,,,,,,201,374,3,https://www.wowhead.com/tbc/item=30906,,,28,,,,,,,,,,,,,,,,,,,25,,,,,,,,,,,
30907,T6,raid_drop,Mail of Fevered Pursuit,inv_chest_chain_17,Chest,Mail,,,,,,,,,,,,https://www.wowhead.com/tbc/item=30907,,49,66,,,,,,,,,,,,,,,108,108,,,29,,,,,,,,,,1055,
30908,T6,raid_drop,Apostle of Argus,inv_staff_54,Weapon,,Two Hand,Staff,,,,,,,145,322,3.2,https://www.wowhead.com/tbc/item=30908,,,62,59,486,162,,,,,,,,,,,,,,,,,,,,,,,,,,,
30909,T6,raid_drop,Antonidas's Aegis of Rapt Concentration,inv_shield_40,Weapon,,Off Hand,Shield,,,,,,,,,,https://www.wowhead.com/tbc/item=30909,,,28,20,42,42,,,,,,,,20,,,,,,,,,,,,,,174,,,,6336,
30910,T6,raid_drop,Tempest of Chaos,inv_sword_90,Weapon,,Main Hand,Sword,,,,,,,17,132,1.8,https://www.wowhead.com/tbc/item=30910,,,30,22,259,259,,,,,,,17,24,,,,,,,,,,,,,,,,,,,
30911,T6,raid_drop,Scepter of Purification,inv_offhand_draenei_a_01,Weapon,,Off Hand,Off Hand,,,,,,,,,,https://www.wowhead.com/tbc/item=30911,,,24,17,77,26,,,,,,,,,,,25,,,,,,,,,,,,,,,,
30912,T6,raid_drop,Leggings of Eternity,inv_pants_cloth_14,Legs,Cloth,,,,,,,Blue|Blue|Blue,healing_power=9|spell_damage=3,,,,https://www.wowhead.com/tbc/item=30912,,,45,38,121,41,,,,,,,,,,,,,,,,,,,,,,,,,,221,
30913,T6,raid_drop,Robes of Rhonin,inv_chest_cloth_49,Chest,Cloth,,,,,,,,,,,,https://www.wowhead.com/tbc/item=30913,,,55,38,81,81,,,,,,,27,24,,,,,,,,,,,,,,,,,,253,
30914,T6,raid_drop,Belt of the Crescent Moon,inv_belt_22,Waist,Leather,,,,,,,,,,,,https://www.wowhead.com/tbc/item=30914,,,25,27,44,44,,,,,,,,,36,,19,,,,,,,,,,,,,,,249,
30915,T6,raid_drop,Belt of Seething Fury,inv_belt_27,Waist,Plate,,,,,,,,,,,,https://www.wowhead.com/tbc/item=30915,48,,37,,,,,,,,,,,,,,,,,,,,38,,,,,,,,,993,
30916,T6,raid_drop,Leggings of Channeled Elements,inv_pants_cloth_27,Legs,Cloth,,,,,,,Yellow|Yellow|Blue,healing_power=5|spell_damage=5,,,,https://www.wowhead.com/tbc/item=30916,,,25,28,59,59,,,,,,,18,34,,,28,,,,,,,,,,,,,,,207,
30917,T6,raid_drop,Razorfury Mantle,inv_shoulder_67,Shoulder,Leather,,,,,,,,,,,,https://www.wowhead.com/tbc/item=30917,,28,55,,,,,,,,,,,,,,,76,76,,,23,,,,,,,,,,333,
30918,T6,raid_drop,Hammer of Atonement,inv_mace_57,Weapon,,Main Hand,Mace,,,,,,,20,129,1.8,https://www.wowhead.com/tbc/item=30918,,,31,21,443,148,,,,,,,,23,,,,,,,,,,,,,,,,,,,
30919,T6,raid_drop,Valestalker Girdle,inv_belt_22,Waist,Mail,,,,,,,,,,,,https://www.wowhead.com/tbc/item=30919,,27,25,18,,,,,,,,,,,,,,76,76,,,,36,,,,,,,,,556,
30969,T6,tier_vendor,Onslaught Gauntlets,inv_gauntlets_62,Hands,Plate,,,,Onslaught Battlegear,Warrior,,Red,melee_crit=2,,,,https://www.wowhead.com/tbc/item=30969,41,30,49,,,,,,,,,,,,,,,,,,,,,91,,,,,,,,1141,
30970,T6,tier_vendor,Onslaught Handguards,inv_gauntlets_62,Hands,Plate,,,,Onslaught Armor,Warrior,,Red,stamina=3,,,,https://www.wowhead.com/tbc/item=30970,18,,50,,,,,,,,,,,,,,,,,,,,,,,32,27,,27,,,1141,
30972,T6,tier_vendor,Onslaught Battle-Helm,inv_helmet_98,Head,Plate,,,,Onslaught Battlegear,Warrior,,Meta|Red,strength=4,,,,https://www.wowhead.com/tbc/item=30972,54,41,54,,,,,,,,,,,,,,,,,,,,,105,,,,,,,,1483,
30974,T6,tier_vendor,Onslaught Greathelm,inv_helmet_98,Head,Plate,,,,Onslaught Armor,Warrior,,Meta|Red,stamina=6,,,,https://www.wowhead.com/tbc/item=30974,23,28,48,,,,,,,,,,,,,,,,,,,,,,,36,30,35,,,,1483,
30975,T6,tier_vendor,Onslaught Breastplate,inv_chest_plate_23,Chest,Plate,,,,Onslaught Battlegear,Warrior,,Red|Blue|Blue,melee_crit=4,,,,https://www.wowhead.com/tbc/item=30975,53,34,54,,,,,,,,,,,,,,,,,,16,,,126,,,,,,,,1825,
30976,T6,tier_vendor,Onslaught Chestguard,inv_chest_plate_23,Chest,Plate,,,,Onslaught Armor,Warrior,,Red|Red|Yellow,stamina=6,,,,https://www.wowhead.com/tbc/item=30976,,37,69,,,,,,,,,,,,,,,,,,,,,,,37,23,,,28,,1825,
30977,T6,tier_vendor,Onslaught Greaves,inv_pants_plate_27,Legs,Plate,,,,Onslaught Battlegear,Warrior,,Blue,strength=2,,,,https://www.wowhead.com/tbc/item=30977,62,41,55,,,,,,,,,,,,,,,,,,14,,,105,,,,,,,,1597,
30978,T6,tier_vendor,Onslaught Legguards,inv_pants_plate_27,Legs,Plate,,,,Onslaught Armor,Warrior,,Red,stamina=3,,,,https://www.wowhead.com/tbc/item=30978,,24,78,,,,,,,,,,,,,,,,,,,,,,,40,,42,,41,,1597,
30979,T6,tier_vendor,Onslaught Shoulderblades,inv_shoulder_62,Shoulder,Plate,,,,Onslaught Battlegear,Warrior,,Yellow|Blue,melee_crit=3,,,,https://www.wowhead.com/tbc/item=30979,39,39,34,,,,,,,,,,,,,,,,,,,,,91,,,,,,,,1369,
30980,T6,tier_vendor,Onslaught Shoulderguards,inv_shoulder_62,Shoulder,Plate,,,,Onslaught Armor,Warrior,,Red|Yellow,dodge=3,,,,https://www.wowhead.com/tbc/item=30980,,,53,,,,,,,,,,,,,,,,,,,,,,,25,17,,,31,,1369,
30982,T6,tier_vendor,Lightbringer Gauntlets,inv_gauntlets_60,Hands,Plate,,,,Lightbringer Battlegear,Paladin,,Yellow,melee_hit=2,,,,https://www.wowhead.com/tbc/item=30982,51,,37,25,,,,,,,,,,,,,,,,,,19,,,,,,,,,,1141,
30983,T6,tier_vendor,Lightbringer Gloves,inv_gauntlets_60,Hands,Plate,,,,Lightbringer Raiment,Paladin,,Blue,spell_crit=2,,,,https://www.wowhead.com/tbc/item=30983,,,35,29,86,29,,,,,,,,,,,,,,,,,,,,,,,,,,1141,
30985,T6,tier_vendor,Lightbringer Handguards,inv_gauntlets_60,Hands,Plate,,,,Lightbringer Armor,Paladin,,Red,stamina=3,,,,https://www.wowhead.com/tbc/item=30985,,,44,28,34,34,,,,,,,,,,,,,,,,,,,,30,,,22,30,,1141,
30987,T6,tier_vendor,Lightbringer Faceguard,inv_helmet_96,Head,Plate,,,,Lightbringer Armor,Paladin,,Yellow|Meta,dodge=4,,,,https://www.wowhead.com/tbc/item=30987,,,67,27,43,43,,,,,,,,,,,,,,,,,,,,28,,,37,,,1483,
30988,T6,tier_vendor,Lightbringer Greathelm,inv_helmet_96,Head,Plate,,,,Lightbringer Raiment,Paladin,,Yellow|Meta,35=2,,,,https://www.wowhead.com/tbc/item=30988,,,42,37,119,40,,,,,,,,36,,,,,,,,,,,,,,,,,,1483,
30989,T6,tier_vendor,Lightbringer War-Helm,inv_helmet_96,Head,Plate,,,,Lightbringer Battlegear,Paladin,,Yellow|Meta,melee_hit=4,,,,https://www.wowhead.com/tbc/item=30989,61,,60,32,,,,,,,,,,,,,,,,,,23,,,,,,,,,,1483,
30990,T6,tier_vendor,Lightbringer Breastplate,inv_chest_plate_22,Chest,Plate,,,,Lightbringer Battlegear,Paladin,,Red|Yellow|Blue,healing_power=5|spell_damage=5,,,,https://www.wowhead.com/tbc/item=30990,56,,48,31,,,,,,,,,,,,,,,,,21,31,,,,,,,,,,1825,
30991,T6,tier_vendor,Lightbringer Chestguard,inv_chest_plate_22,Chest,Plate,,,,Lightbringer Armor,Paladin,,Red|Red|Yellow,stamina=6,,,,https://www.wowhead.com/tbc/item=30991,,,69,22,39,39,,,,,,,,,,,,,,,,,,,,31,23,47,,,,1825,
30992,T6,tier_vendor,Lightbringer Chestpiece,inv_chest_plate_22,Chest,Plate,,,,Lightbringer Raiment,Paladin,,Blue|Yellow|Yellow,healing_power=9|spell_damage=3,,,,https://www.wowhead.com/tbc/item=30992,,,42,33,117,39,,,,,,,,28,,,,,,,,,,,,,,,,,,1825,
30993,T6,tier_vendor,Lightbringer Greaves,inv_pants_plate_26,Legs,Plate,,,,Lightbringer Battlegear,Paladin,,Red,melee_hit=2,,,,https://www.wowhead.com/tbc/item=30993,68,,48,22,,,,,,,,,,,,,,,,,,38,,,,,,,,,,1597,
30994,T6,tier_vendor,Lightbringer Leggings,inv_pants_plate_26,Legs,Plate,,,,Lightbringer Raiment,Paladin,,Blue,healing_power=4|spell_damage=2,,,,https://www.wowhead.com/tbc/item=30994,,,40,45,114,38,,,,,,,,34,,,,,,,,,,,,,,,,,,1597,
30995,T6,tier_vendor,Lightbringer Legguards,inv_pants_plate_26,Legs,Plate,,,,Lightbringer Armor,Paladin,,Yellow,defense=2,,,,https://www.wowhead.com/tbc/item=30995,,,69,31,46,46,,,,,,,,,,,,,,,,,,,,37,,,37,,,1597,
30996,T6,tier_vendor,Lightbringer Pauldrons,inv_shoulder_60,Shoulder,Plate,,,,Lightbringer Raiment,Paladin,,Yellow|Blue,healing_power=7|spell_damage=3,,,,https://www.wowhead.com/tbc/item=30996,,,34,29,86,29,,,,,,,,18,,,,,,,,,,,,,,,,,,1369,
30997,T6,tier_vendor,Lightbringer Shoulderbraces,inv_shoulder_60,Shoulder,Plate,,,,Lightbringer Battlegear,Paladin,,Yellow|Yellow,healing_power=4|spell_damage=4,,,,https://www.wowhead.com/tbc/item=30997,50,,37,17,,,,,,,,,,,,,,,,,,19,,,,,,,,,,1369,
30998,T6,tier_vendor,Lightbringer Shoulderguards,inv_shoulder_60,Shoulder,Plate,,,,Lightbringer Armor,Paladin,,Yellow|Yellow,dodge=3,,,,https://www.wowhead.com/tbc/item=30998,,,50,24,27,27,,,,,,,,,,,,,,,,,,,,25,,,23,,,1369,
31001,T6,tier_vendor,Gronnstalker's Gloves,inv_gauntlets_59,Hands,Mail,,,,Gronnstalker's Armor,Hunter,,Red,melee_crit=2,,,,https://www.wowhead.com/tbc/item=31001,,35,31,21,,,,,,,,,,,,,,62,62,,,13,,140,,,,,,,,639,
31003,T6,tier_vendor,Gronnstalker's Helmet,inv_helmet_95,Head,Mail,,,,Gronnstalker's Armor,Hunter,,Red|Meta,melee_crit=4,,,,https://www.wowhead.com/tbc/item=31003,,45,45,29,,,,,,,,,,,,,,90,90,,,,,,,,,,,,,830,
31004,T6,tier_vendor,Gronnstalker's Chestguard,inv_chest_mail_03,Chest,Mail,,,,Gronnstalker's Armor,Hunter,,Red|Yellow|Yellow,agility=4,,,,https://www.wowhead.com/tbc/item=31004,,40,52,37,,,,,,,,,,,,,,90,90,,,19,,,,,,,,,,1022,
31005,T6,tier_vendor,Gronnstalker's Leggings,inv_pants_mail_24,Legs,Mail,,,,Gronnstalker's Armor,Hunter,,Red,agility=2,,,,https://www.wowhead.com/tbc/item=31005,,37,43,28,,,,,,,,,,,,,,106,106,,,19,,,,,,,,,,894,
31006,T6,tier_vendor,Gronnstalker's Spaulders,inv_shoulder_59,Shoulder,Mail,,,,Gronnstalker's Armor,Hunter,,Yellow|Blue,melee_crit=3,,,,https://www.wowhead.com/tbc/item=31006,,34,39,17,,,,,,,,,,,,,,68,68,,,,,126,,,,,,,,766,
31007,T6,tier_vendor,Skyshatter Gloves,inv_gauntlets_61,Hands,Mail,,,,Skyshatter Raiment,Shaman,,Blue,healing_power=4|spell_damage=2,,,,https://www.wowhead.com/tbc/item=31007,,,40,39,86,29,,,,,,,,,,,,,,,,,,,,,,,,,,639,
31008,T6,tier_vendor,Skyshatter Gauntlets,inv_gauntlets_61,Hands,Mail,,,,Skyshatter Regalia,Shaman,,Yellow,healing_power=2|spell_damage=2,,,,https://www.wowhead.com/tbc/item=31008,,,30,31,46,46,,,,,,,19,26,,,,,,,,,,,,,,,,,,639,
31011,T6,tier_vendor,Skyshatter Grips,inv_gauntlets_61,Hands,Mail,,,,Skyshatter Harness,Shaman,,Yellow,strength=2,,,,https://www.wowhead.com/tbc/item=31011,39,,45,30,,,,,,,,,,,,,,,,,13,21,,,,,,,,,,639,
31012,T6,tier_vendor,Skyshatter Helmet,inv_helmet_97,Head,Mail,,,,Skyshatter Raiment,Shaman,,Meta|Yellow,healing_power=9|spell_damage=3,,,,https://www.wowhead.com/tbc/item=31012,,,42,34,119,40,,,,,,,,,,,,,,,,,,,,,,,,,,830,
31014,T6,tier_vendor,Skyshatter Headguard,inv_helmet_97,Head,Mail,,,,Skyshatter Regalia,Shaman,,Meta|Blue,healing_power=5|spell_damage=5,,,,https://www.wowhead.com/tbc/item=31014,,,42,37,62,62,,,,,,,,36,,,,,,,,,,,,,,,,,,830,
31015,T6,tier_vendor,Skyshatter Cover,inv_helmet_97,Head,Mail,,,,Skyshatter Harness,Shaman,,Meta|Yellow,stamina=6,,,,https://www.wowhead.com/tbc/item=31015,53,,55,27,,,,,,,,,,,,,,,,,20,28,,,,,,,,,,830,
31016,T6,tier_vendor,Skyshatter Chestguard,inv_chest_mail_04,Chest,Mail,,,,Skyshatter Raiment,Shaman,,Blue|Blue|Yellow,35=2,,,,https://www.wowhead.com/tbc/item=31016,,,48,32,119,40,,,,,,,,,,,,,,,,,,,,,,,,,,1022,
31017,T6,tier_vendor,Skyshatter Breastplate,inv_chest_mail_04,Chest,Mail,,,,Skyshatter Regalia,Shaman,,Blue|Yellow|Yellow,healing_power=5|spell_damage=5,,,,https://www.wowhead.com/tbc/item=31017,,,42,41,62,62,,,,,,,17,27,,,,,,,,,,,,,,,,,,1022,
31018,T6,tier_vendor,Skyshatter Tunic,inv_chest_mail_04,Chest,Mail,,,,Skyshatter Harness,Shaman,,Blue|Yellow|Yellow,strength=4,,,,https://www.wowhead.com/tbc/item=31018,46,,67,23,,,,,,,,,,,,,,,,,15,27,,,,,,,,,,1022,
31019,T6,tier_vendor,Skyshatter Leggings,inv_pants_mail_25,Legs,Mail,,,,Skyshatter Raiment,Shaman,,Red,35=1,,,,https://www.wowhead.com/tbc/item=31019,,,55,44,119,40,,,,,,,,,,,,,,,,,,,,,,,,,,894,
31020,T6,tier_vendor,Skyshatter Legguards,inv_pants_mail_25,Legs,Mail,,,,Skyshatter Regalia,Shaman,,Yellow,healing_power=2|spell_damage=2,,,,https://www.wowhead.com/tbc/item=31020,,,40,42,62,62,,,,,,,20,29,,,,,,,,,,,,,,,,,,894,
31021,T6,tier_vendor,Skyshatter Pants,inv_pants_mail_25,Legs,Mail,,,,Skyshatter Harness,Shaman,,Blue,strength=2,,,,https://www.wowhead.com/tbc/item=31021,46,,67,31,,,,,,,,,,,,,,,,,21,39,,,,,,,,,,894,
31022,T6,tier_vendor,Skyshatter Shoulderpads,inv_shoulder_61,Shoulder,Mail,,,,Skyshatter Raiment,Shaman,,Blue|Yellow,healing_power=7|spell_damage=3,,,,https://www.wowhead.com/tbc/item=31022,,,28,31,86,29,,,,,,,,,,,,,,,,,,,,,,,,,,766,
31023,T6,tier_vendor,Skyshatter Mantle,inv_shoulder_61,Shoulder,Mail,,,,Skyshatter Regalia,Shaman,,Blue|Yellow,healing_power=4|spell_damage=4,,,,https://www.wowhead.com/tbc/item=31023,,,30,31,46,46,,,,,,,11,27,,,,,,,,,,,,,,,,,,766,
31024,T6,tier_vendor,Skyshatter Pauldrons,inv_shoulder_61,Shoulder,Mail,,,,Skyshatter Harness,Shaman,,Yellow|Yellow,strength=3,,,,https://www.wowhead.com/tbc/item=31024,34,,48,19,,,,,,,,,,,,,,,,,11,26,,,,,,,,,,766,
31026,T6,tier_vendor,Slayer's Handguards,inv_gauntlets_65,Hands,Leather,,,,Slayer's Armor,Rogue,,Blue,attack_power=4|ranged_attack_power=4,,,,https://www.wowhead.com/tbc/item=31026,,34,36,,,,,,,,,,,,,,,68,68,,18,,,175,,,,,,,,287,
31027,T6,tier_vendor,Slayer's Helm,inv_helmet_102,Head,Leather,,,,Slayer's Armor,Rogue,,Meta|Yellow,melee_hit=4,,,,https://www.wowhead.com/tbc/item=31027,,45,55,,,,,,,,,,,,,,,92,92,,15,28,,,,,,,,,,373,
31028,T6,tier_vendor,Slayer's Chestguard,inv_chest_leather_16,Chest,Leather,,,,Slayer's Armor,Rogue,,Yellow|Yellow|Blue,attack_power=8|ranged_attack_power=8,,,,https://www.wowhead.com/tbc/item=31028,,45,55,,,,,,,,,,,,,,,92,92,,15,28,,,,,,,,,,459,
31029,T6,tier_vendor,Slayer's Legguards,inv_pants_leather_27,Legs,Leather,,,,Slayer's Armor,Rogue,,Blue,attack_power=4|ranged_attack_power=4,,,,https://www.wowhead.com/tbc/item=31029,,46,54,,,,,,,,,,,,,,,94,94,,,45,,,,,,,,,,401,
31030,T6,tier_vendor,Slayer's Shoulderpads,inv_shoulder_67,Shoulder,Leather,,,,Slayer's Armor,Rogue,,Yellow|Blue,attack_power=6|ranged_attack_power=6,,,,https://www.wowhead.com/tbc/item=31030,,34,37,,,,,,,,,,,,,,,68,68,,,,,175,,,,,,,,344,
31032,T6,tier_vendor,Thunderheart Gloves,inv_gauntlets_58,Hands,Leather,,,,Thunderheart Raiment,Druid,,Blue,healing_power=4|spell_damage=2,,,,https://www.wowhead.com/tbc/item=31032,,,30,31,86,29,,,,,,,,,,,27,,,,,,,,,,,,,,,287,
31034,T6,tier_vendor,Thunderheart Gauntlets,inv_gauntlets_58,Hands,Leather,,,,Thunderheart Harness,Druid,,Blue,strength=2,,,,https://www.wowhead.com/tbc/item=31034,39,32,34,20,,,,,,,,,,,,,,,,,,,,,,,,,,,,287,252
31035,T6,tier_vendor,Thunderheart Handguards,inv_gauntlets_58,Hands,Leather,,,,Thunderheart Regalia,Druid,,Yellow,healing_power=2|spell_damage=2,,,,https://www.wowhead.com/tbc/item=31035,,,30,30,46,46,,,,,,,12,21,,,22,,,,,,,,,,,,,,,287,
31037,T6,tier_vendor,Thunderheart Helmet,inv_helmet_94,Head,Leather,,,,Thunderheart Raiment,Druid,,Blue|Meta,healing_power=9|spell_damage=3,,,,https://www.wowhead.com/tbc/item=31037,,,42,42,117,39,,,,,,,,,,,28,,,,,,,,,,,,,,,373,
31038,,drop,Staff of the Redeemer,inv_staff_draenei_a_01,Weapon,,Two Hand,Staff,,,,,,,151,273,3.5,https://www.wowhead.com/tbc/item=31038,,,27,45,194,65,,,,,,,,,,,,,,,,,,,,,,,,,,,
31039,T6,tier_vendor,Thunderheart Cover,inv_helmet_94,Head,Leather,,,,Thunderheart Harness,Druid,,Blue|Meta,strength=4,,,,https://www.wowhead.com/tbc/item=31039,53,39,49,20,,,,,,,,,,,,,,,,,,,,,,,,,,,,373,238
31040,T6,tier_vendor,Thunderheart Headguard,inv_helmet_94,Head,Leather,,,,Thunderheart Regalia,Druid,,Yellow|Meta,healing_power=5|spell_damage=5,,,,https://www.wowhead.com/tbc/item=31040,,,30,32,62,62,,,,,,,13,29,,,28,,,,,,,,,,,,,,,373,
31041,T6,tier_vendor,Thunderheart Tunic,inv_chest_leather_15,Chest,Leather,,,,Thunderheart Raiment,Druid,,Yellow|Blue|Blue,healing_power=9|spell_damage=3,,,,https://www.wowhead.com/tbc/item=31041,,,42,34,117,39,,,,,,,,,,,33,,,,,,,,,,,,,,,459,
31042,T6,tier_vendor,Thunderheart Chestguard,inv_chest_leather_15,Chest,Leather,,,,Thunderheart Harness,Druid,,Blue|Yellow|Red,strength=4,,,,https://www.wowhead.com/tbc/item=31042,53,36,51,18,,,,,,,,,,,,,,,,,,,,,,,,,,,,459,322
31043,T6,tier_vendor,Thunderheart Vest,inv_chest_leather_15,Chest,Leather,,,,Thunderheart Regalia,Druid,,Blue|Blue|Yellow,healing_power=5|spell_damage=5,,,,https://www.wowhead.com/tbc/item=31043,,,42,40,62,62,,,,,,,17,25,,,27,,,,,,,,,,,,,,,459,
31044,T6,tier_vendor,Thunderheart Leggings,inv_pants_leather_26,Legs,Leather,,,,Thunderheart Harness,Druid,,Blue,strength=2,,,,https://www.wowhead.com/tbc/item=31044,53,41,49,12,,,,,,,,,,,,,,,,,27,,,,,,,,,,,401,336
31045,T6,tier_vendor,Thunderheart Legguards,inv_pants_leather_26,Legs,Leather,,,,Thunderheart Raiment,Druid,,Blue,healing_power=4|spell_damage=2,,,,https://www.wowhead.com/tbc/item=31045,,,34,40,117,39,,,,,,,,,,,36,,,,,,,,,,,,,,,401,
31046,T6,tier_vendor,Thunderheart Pants,inv_pants_leather_26,Legs,Leather,,,,Thunderheart Regalia,Druid,,Blue,healing_power=2|spell_damage=2,,,,https://www.wowhead.com/tbc/item=31046,,,39,48,62,62,,,,,,,20,21,,,27,,,,,,,,,,,,,,,401,
31047,T6,tier_vendor,Thunderheart Spaulders,inv_shoulder_58,Shoulder,Leather,,,,Thunderheart Raiment,Druid,,Blue|Blue,healing_power=7|spell_damage=3,,,,https://www.wowhead.com/tbc/item=31047,,,30,31,86,29,,,,,,,,,,,19,,,,,,,,,,,,,,,344,
31048,T6,tier_vendor,Thunderheart Pauldrons,inv_shoulder_58,Shoulder,Leather,,,,Thunderheart Harness,Druid,,Yellow|Blue,strength=3,,,,https://www.wowhead.com/tbc/item=31048,39,36,34,12,,,,,,,,,,,,,,,,,,,,,,,,,,,,344,140
31049,T6,tier_vendor,Thunderheart Shoulderpads,inv_shoulder_58,Shoulder,Leather,,,,Thunderheart Regalia,Druid,,Blue|Yellow,healing_power=4|spell_damage=4,,,,https://www.wowhead.com/tbc/item=31049,,,30,31,46,46,,,,,,,14,13,,,19,,,,,,,,,,,,,,,344,
31050,T6,tier_vendor,Gloves of the Malefic,inv_gauntlets_66,Hands,Cloth,,,,Malefic Raiment,Warlock,,Yellow,spell_hit=2,,,,https://www.wowhead.com/tbc/item=31050,,,57,27,46,46,,,,,,,11,19,,,,,,,,,,,,,,,,,,153,
31051,T6,tier_vendor,Hood of the Malefic,inv_helmet_103,Head,Cloth,,,,Malefic Raiment,Warlock,,Meta|Yellow,healing_power=5|spell_damage=5,,,,https://www.wowhead.com/tbc/item=31051,,,55,36,63,63,,,,,,,16,32,,,,,,,,,,,,,,,,,,199,
31052,T6,tier_vendor,Robe of the Malefic,inv_chest_cloth_68,Chest,Cloth,,,,Malefic Raiment,Warlock,,Yellow|Yellow|Blue,healing_power=5|spell_damage=5,,,,https://www.wowhead.com/tbc/item=31052,,,66,29,63,63,,,,,,,28,,,,,,,,,,,,,,,,,,,244,
31053,T6,tier_vendor,Leggings of the Malefic,inv_pants_cloth_29,Legs,Cloth,,,,Malefic Raiment,Warlock,,Yellow,spell_hit=2,,,,https://www.wowhead.com/tbc/item=31053,,,55,44,62,62,,,,,,,19,37,,,,,,,,,,,,,,,,,,214,
31054,T6,tier_vendor,Mantle of the Malefic,inv_shoulder_68,Shoulder,Cloth,,,,Malefic Raiment,Warlock,,Blue|Yellow,healing_power=4|spell_damage=4,,,,https://www.wowhead.com/tbc/item=31054,,,45,22,46,46,,,,,,,21,13,,,,,,,,,,,,,,,,,,183,
31055,T6,tier_vendor,Gloves of the Tempest,inv_gauntlets_64,Hands,Cloth,,,,Tempest Regalia,Mage,,Yellow,healing_power=2|spell_damage=2,,,,https://www.wowhead.com/tbc/item=31055,,,30,26,46,46,,,,,,,20,19,,,21,,,,,,,,,,,,,,,153,
31056,T6,tier_vendor,Cowl of the Tempest,inv_helmet_101,Head,Cloth,,,,Tempest Regalia,Mage,,Meta|Yellow,stamina=6,,,,https://www.wowhead.com/tbc/item=31056,,,30,40,62,62,,,,,,,13,29,,,28,,,,,,,,,,,,,,,199,
31057,T6,tier_vendor,Robes of the Tempest,inv_chest_cloth_67,Chest,Cloth,,,,Tempest Regalia,Mage,,Yellow|Yellow|Blue,healing_power=5|spell_damage=5,,,,https://www.wowhead.com/tbc/item=31057,,,36,39,62,62,,,,,,,13,23,,,31,,,,,,,,,,,,,,,244,
31058,T6,tier_vendor,Leggings of the Tempest,inv_pants_cloth_28,Legs,Cloth,,,,Tempest Regalia,Mage,,Blue,healing_power=2|spell_damage=2,,,,https://www.wowhead.com/tbc/item=31058,,,36,47,62,62,,,,,,,20,29,,,29,,,,,,,,,,,,,,,214,
31059,T6,tier_vendor,Mantle of the Tempest,inv_shoulder_64,Shoulder,Cloth,,,,Tempest Regalia,Mage,,Yellow|Blue,healing_power=4|spell_damage=4,,,,https://www.wowhead.com/tbc/item=31059,,,27,27,46,46,,,,,,,,21,,18,21,,,,,,,,,,,,,,,183,
31060,T6,tier_vendor,Gloves of Absolution,inv_gauntlets_63,Hands,Cloth,,,,Vestments of Absolution,Priest,,Blue,35=1,,,,https://www.wowhead.com/tbc/item=31060,,,39,31,86,29,,,,,,,,,,,27,,,,,,,,,,,,,,,153,
31061,T6,tier_vendor,Handguards of Absolution,inv_gauntlets_63,Hands,Cloth,,,,Absolution Regalia,Priest,,Yellow,healing_power=2|spell_damage=2,,,,https://www.wowhead.com/tbc/item=31061,,,30,31,46,46,,,,,,,19,,,,,,,,,,,,,,,,,,,153,
31063,T6,tier_vendor,Cowl of Absolution,inv_helmet_99,Head,Cloth,,,,Vestments of Absolution,Priest,,Meta|Blue,healing_power=9|spell_damage=3,,,,https://www.wowhead.com/tbc/item=31063,,,36,32,117,39,,,,,,,,,,,33,,,,,,,,,,,,,,,199,
31064,T6,tier_vendor,Hood of Absolution,inv_helmet_99,Head,Cloth,,,,Absolution Regalia,Priest,,Meta|Blue,healing_power=5|spell_damage=5,,,,https://www.wowhead.com/tbc/item=31064,,,36,39,62,62,,,,,,,,17,,,27,,,,,,,,,,,,,,,199,
31065,T6,tier_vendor,Shroud of Absolution,inv_chest_cloth_66,Chest,Cloth,,,,Absolution Regalia,Priest,,Yellow|Yellow|Blue,healing_power=5|spell_damage=5,,,,https://www.wowhead.com/tbc/item=31065,,,36,39,61,61,,,,,,,20,21,,,,,,,,,,,,,,,,,,244,
31066,T6,tier_vendor,Vestments of Absolution,inv_chest_cloth_66,Chest,Cloth,,,,Vestments of Absolution,Priest,,Blue|Yellow|Blue,healing_power=9|spell_damage=3,,,,https://www.wowhead.com/tbc/item=31066,,,48,32,117,39,,,,,,,,,,,36,,,,,,,,,,,,,,,244,
31067,T6,tier_vendor,Leggings of Absolution,inv_pants_cloth_27,Legs,Cloth,,,,Absolution Regalia,Priest,,Yellow,healing_power=2|spell_damage=2,,,,https://www.wowhead.com/tbc/item=31067,,,42,41,62,62,,,,,,,,28,,,28,,,,,,,,,,,,,,,214,
31068,T6,tier_vendor,Breeches of Absolution,inv_pants_cloth_27,Legs,Cloth,,,,Vestments of Absolution,Priest,,Yellow,healing_power=4|spell_damage=2,,,,https://www.wowhead.com/tbc/item=31068,,,42,33,117,39,,,,,,,,,,,34,,,,,,,,,,,,,,,214,
31069,T6,tier_vendor,Mantle of Absolution,inv_shoulder_63,Shoulder,Cloth,,,,Vestments of Absolution,Priest,,Blue|Blue,healing_power=7|spell_damage=3,,,,https://www.wowhead.com/tbc/item=31069,,,30,30,86,29,,,,,,,,,,,19,,,,,,,,,,,,,,,183,
31070,T6,tier_vendor,Shoulderpads of Absolution,inv_shoulder_63,Shoulder,Cloth,,,,Absolution Regalia,Priest,,Yellow|Blue,healing_power=4|spell_damage=4,,,,https://www.wowhead.com/tbc/item=31070,,,27,27,46,46,,,,,,,12,17,,,,,,,,,,,,,,,,,,183,
31109,,drop,Stealther's Helmet of Second Sight,inv_helmet_73,Head,Leather,,,,,,yes,Red|Blue|Yellow,attack_power=8|ranged_attack_power=8,,,,https://www.wowhead.com/tbc/item=31109,,24,18,,,,,,,,,,,,,,,60,60,,13,,,,,,,,,,,226,
31201,,drop,Illidari Cloak,inv_misc_cape_20,Back,Cloth,,,,,,,,,,,,https://www.wowhead.com/tbc/item=31201,,,,,,,,,,,,,,,,,,,,,,,,,,,,,,,,70,
31225,,drop,Illidari Bindings,inv_bracer_10,Wrist,Cloth,,,,,,,,,,,,https://www.wowhead.com/tbc/item=31225,,,,,,,,,,,,,,,,,,,,,,,,,,,,,,,,61,
31255,,drop,Cloak of the Craft,inv_misc_cape_20,Back,Cloth,,,,,,,,,,,,https://www.wowhead.com/tbc/item=31255,,25,,,,,,,,,,,,,,,,20,20,,13,,,,,,,,,,,70,
31289,,drop,Staff of Divine Infusion,inv_staff_47,Weapon,,Two Hand,Staff,,,,,,,154,277,3.5,https://www.wowhead.com/tbc/item=31289,,,,23,194,65,,,,,,,,,,,50,,,,,,,,,,,,,,,,
31308,,drop,The Bringer of Death,inv_staff_06,Weapon,,Two Hand,Staff,,,,,,,106,196,2.4,https://www.wowhead.com/tbc/item=31308,,,32,31,121,121,,,,,,,,42,,,,,,,,,,,,,,,,,,,
31329,,drop,Lifegiving Cloak,inv_misc_cape_16,Back,Cloth,,,,,,,,,,,,https://www.wowhead.com/tbc/item=31329,,,,13,64,22,,,,,,,,,,,,,,,,,,,,,,,,,,85,
31332,,drop,Blinkstrike,inv_sword_76,Weapon,,One Hand,Sword,,,,,,,147,275,2.6,https://www.wowhead.com/tbc/item=31332,,,,,,,,,,,,,,,,,,,,,,,,,,,,,,,,,
31334,,drop,Staff of Natural Fury,inv_staff_50,Weapon,,Two Hand,Staff,,,,yes,,,134,261,3,https://www.wowhead.com/tbc/item=31334,35,,31,,,,,,,,,,,,,,,,,712,,,,,,,,,,,,320,
31336,,drop,Blade of Wizardry,inv_sword_01,Weapon,,Main Hand,Sword,,,,yes,,,30,119,1.8,https://www.wowhead.com/tbc/item=31336,,,,,159,159,,,,,,,,,,,,,,,,,,,,,,,,,,,
31342,,drop,The Ancient Scepter of Sue-Min,inv_mace_53,Weapon,,Main Hand,Mace,,,,,,,40,143,2.1,https://www.wowhead.com/tbc/item=31342,,,,15,299,100,,,,,,,,,,,,,,,,,,,,,,,,,,,
31417,,drop,Staff of the Ashtongue Deathsworn,inv_staff_33,Weapon,,Two Hand,Staff,,,,,,,163,293,3.7,https://www.wowhead.com/tbc/item=31417,,,27,45,194,65,,,,,,,,,,,25,,,,,,,,,,,,,,,,
31493,,drop,Netherwing Spiritualist's Charm,inv_offhand_draenei_a_01,Weapon,,Off Hand,Off Hand,,,,,,,,,,https://www.wowhead.com/tbc/item=31493,,,,15,33,11,,,,,,,,,,,15,,,,,,,,,,,,,,,,
31617,,drop,Ancient Draenei War Talisman,inv_jewelry_talisman_14,Trinket,,,,,,,yes,,,,,,https://www.wowhead.com/tbc/item=31617,,,,,,,,,,,,,,,,,,,,,,21,,,,,,,,,,,
31691,,drop,Natasha's Guardian Cord,inv_jewelry_necklace_31,Neck,,,,,,,,,,,,,https://www.wowhead.com/tbc/item=31691,,,,10,55,19,,,,,,,,,,,,,,,,,,,,,,,,,,,
31856,,drop,Darkmoon Card: Crusade,inv_misc_ticket_tarot_crusade,Trinket,,,,,,,yes,,,,,,https://www.wowhead.com/tbc/item=31856,,,,,,,,,,,,,,,,,,,,,,,,,,,,,,,,,
31858,,drop,Darkmoon Card: Vengeance,inv_misc_ticket_tarot_vengeance,Trinket,,,,,,,yes,,,,,,https://www.wowhead.com/tbc/item=31858,,,51,,,,,,,,,,,,,,,,,,,,,,,,,,,,,,
31859,,drop,Darkmoon Card: Madness,inv_misc_ticket_tarot_madness,Trinket,,,,,,,yes,,,,,,https://www.wowhead.com/tbc/item=31859,,,51,,,,,,,,,,,,,,,,,,,,,,,,,,,,,,
31965,,arena,Merciless Gladiator's Cleaver,inv_axe_54,Weapon,,One Hand,Axe,,,,,,,177,330,2.6,https://www.wowhead.com/tbc/item=31965,,,27,,,,,,,,,,,,,,,30,30,,10,19,,,,,,,,,12,,
32014,,arena,Merciless Gladiator's Maul,inv_mace_52,Weapon,,Two Hand,Mace,,,,,,,90,192,2,https://www.wowhead.com/tbc/item=32014,42,,55,,,,,,,,,,,,,,,,,1010,18,42,,,,,,,,,33,,
32027,,worn,Merciless Gladiator's Quickblade,inv_sword_71,Weapon,,Off Hand,Sword,,,,,,,102,191,1.5,https://www.wowhead.com/tbc/item=32027,,,27,,,,,,,,,,,,,,,30,30,,10,19,,,,,,,,,12,,
32045,,arena,Merciless Gladiator's Shield Wall,inv_shield_31,Weapon,,Off Hand,Shield,,,,,,,,,,https://www.wowhead.com/tbc/item=32045,,,48,,,,,,,,,,,,,,,,,,,,,,,,,152,,,31,5727,
32053,,arena,Merciless Gladiator's Spellblade,inv_weapon_shortblade_26,Weapon,,Main Hand,Dagger,,,,,,,19,113,1.6,https://www.wowhead.com/tbc/item=32053,,,27,18,225,225,,,,,,,15,,,,,,,,,,,,,,,,,,18,,
32055,,arena,Merciless Gladiator's War Staff,inv_staff_53,Weapon,,Two Hand,Staff,,,,,,,90,192,2,https://www.wowhead.com/tbc/item=32055,,,55,42,225,225,,,,,,,24,42,,,,,,,,,,,,,,,,,29,,
32080,,drop,Mantle of Shadowy Embrace,inv_shoulder_25,Shoulder,Leather,,,,,,,,,,,,https://www.wowhead.com/tbc/item=32080,,39,33,,,,,,,,,,,,,,,34,34,,,,,,,,,,,,,262,
32083,,badge,Faceguard of Determination,inv_helmet_01,Head,Plate,,,,,,,Blue|Meta,stamina=6,,,,https://www.wowhead.com/tbc/item=32083,,,36,,,,,,,,,,,,,,,,,,,,,,,32,24,,24,,,1129,
32087,,badge,Mask of the Deceiver,inv_helmet_73,Head,Leather,,,,,,,Yellow|Meta,agility=4,,,,https://www.wowhead.com/tbc/item=32087,,32,36,,,,,,,,,,,,,,,64,64,,16,,,,,,,,,,,283,
32232,T6,raid_drop,Eternium Shell Bracers,inv_bracer_14,Wrist,Plate,,,,,,,,,,,,https://www.wowhead.com/tbc/item=32232,,,52,,,,,,,,,,,,,,,,,,,,,,,24,,,26,,,772,
32234,T6,raid_drop,Fists of Mukoa,inv_gauntlets_59,Hands,Mail,,,,,,,,,,,,https://www.wowhead.com/tbc/item=32234,,25,24,17,,,,,,,,,,,,,,76,76,,,,37,,,,,,,,,617,
32235,T6,raid_drop,Cursed Vision of Sargeras,inv_misc_bandana_03,Head,Leather,,,,,,yes,Meta|Yellow,stamina=6,,,,https://www.wowhead.com/tbc/item=32235,,39,46,,,,,,,,,,,,,,,108,108,,21,38,,,,,,,,,,385,
32236,T6,raid_drop,Rising Tide,inv_axe_56,Weapon,,One Hand,Axe,,,,,,,208,313,2.6,https://www.wowhead.com/tbc/item=32236,,,33,,,,,,,,,,,,,,,44,44,,21,,,,,,,,,,,,
32237,T6,raid_drop,The Maelstrom's Fury,inv_weapon_shortblade_58,Weapon,,Main Hand,Dagger,,,,,,,20,129,1.8,https://www.wowhead.com/tbc/item=32237,,,33,21,236,236,,,,,,,,22,,,,,,,,,,,,,,,,,,,
32238,T6,raid_drop,Ring of Calming Waves,inv_jewelry_ring_57,Finger,,,,,,,,,,,,,https://www.wowhead.com/tbc/item=32238,,,19,27,64,22,,,,,,,,24,,,,,,,,,,,,,,,,,,,
32239,T6,raid_drop,Slippers of the Seacaller,inv_boots_cloth_16,Feet,Cloth,,,,,,,Yellow|Blue,healing_power=4|spell_damage=4,,,,https://www.wowhead.com/tbc/item=32239,,,25,18,44,44,,,,,,,,29,,,18,,,,,,,,,,,,,,,162,
32240,T6,raid_drop,Guise of the Tidal Lurker,inv_helmet_94,Head,Leather,,,,,,,Meta|Red,35=2,,,,https://www.wowhead.com/tbc/item=32240,,,39,35,103,35,,,,,,,,,,,,,,,,,,,,,,,,,,360,
32241,T6,raid_drop,Helm of Soothing Currents,inv_helmet_97,Head,Mail,,,,,,,Blue|Meta,healing_power=9|spell_damage=3,,,,https://www.wowhead.com/tbc/item=32241,,,40,42,118,37,,,,,,,,,,,,,,,,,,,,,,,,,,803,
32242,T6,raid_drop,Boots of Oceanic Fury,inv_boots_chain_12,Feet,Mail,,,,,,,,,,,,https://www.wowhead.com/tbc/item=32242,,,28,36,55,55,,,,,,,,26,,,,,,,,,,,,,,,,,,679,
32243,T6,raid_drop,Pearl Inlaid Boots,inv_boots_chain_08,Feet,Plate,,,,,,,,,,,,https://www.wowhead.com/tbc/item=32243,,,37,27,84,28,,,,,,,,28,,,,,,,,,,,,,,,,,,1213,
32245,T6,raid_drop,Tide-stomper's Greaves,inv_boots_plate_04,Feet,Plate,,,,,,,Red|Yellow,stamina=4,,,,https://www.wowhead.com/tbc/item=32245,,,56,,30,30,,,,,,,,,,,,,,,,,,,,19,,,29,,,1213,
32247,T6,raid_drop,Ring of Captured Storms,inv_jewelry_ring_60,Finger,,,,,,,,,,,,,https://www.wowhead.com/tbc/item=32247,,,,,42,42,,,,,,,19,29,,,,,,,,,,,,,,,,,,,
32248,T6,raid_drop,Halberd of Desolation,inv_weapon_halberd_20,Weapon,,Two Hand,Polearm,,,,,,,365,548,3.5,https://www.wowhead.com/tbc/item=32248,,51,57,,,,,,,,,,,,,,,100,100,,30,,,,,,,,,,,,
32250,T6,raid_drop,Pauldrons of Abyssal Fury,inv_shoulder_haremmatron_d_01,Shoulder,Plate,,,,,,,,,,,,https://www.wowhead.com/tbc/item=32250,,,72,,,,,,,,,,,,,,,,,,,,,,,28,,,36,,,1324,
32251,T6,raid_drop,Wraps of Precise Flight,inv_bracer_06,Wrist,Mail,,,,,,,,,,,,https://www.wowhead.com/tbc/item=32251,,18,28,20,,,,,,,,,,,,,,58,58,,,19,,,,,,,,,,432,
32252,T6,raid_drop,Nether Shadow Tunic,inv_chest_leather_03,Chest,Leather,,,,,,,Red|Yellow|Blue,attack_power=8|ranged_attack_power=8,,,,https://www.wowhead.com/tbc/item=32252,,36,52,,,,,,,,,,,,,,,86,86,,35,,,,,,,,,,,444,
32253,T6,raid_drop,Legionkiller,inv_weapon_crossbow_20,Ranged,,,,2,,,,,,184,342,2.9,https://www.wowhead.com/tbc/item=32253,,21,30,,,,,,,,,,,,,,,,,,,,,,,,,,,,,,
32254,T6,raid_drop,The Brutalizer,inv_axe_59,Weapon,,One Hand,Axe,,,,,,,128,193,1.6,https://www.wowhead.com/tbc/item=32254,,,33,,,,,,,,,,,,,,,,,,,,,,21,22,,,,,,,
32255,T6,raid_drop,Felstone Bulwark,inv_shield_38,Weapon,,Off Hand,Shield,,,,,,,,,,https://www.wowhead.com/tbc/item=32255,,,28,21,64,22,,,,,,,,27,,,,,,,,,,,,,,160,,,,5930,
32256,T6,raid_drop,Waistwrap of Infinity,inv_belt_03,Waist,Cloth,,,,,,,,,,,,https://www.wowhead.com/tbc/item=32256,,,31,22,56,56,,,,,,,,,32,,,,,,,,,,,,,,,,,133,
32257,T6,raid_drop,Idol of the White Stag,inv_qirajidol_alabaster,Ranged,,,,6,,,yes,,,,,,https://www.wowhead.com/tbc/item=32257,,,,,,,,,,,,,,,,,,,,,,,,,,,,,,,,,
32258,T6,raid_drop,Naturalist's Preserving Cinch,inv_belt_22,Waist,Mail,,,,,,,,,,,,https://www.wowhead.com/tbc/item=32258,,,29,30,84,28,,,,,,,,,37,,,,,,,,,,,,,,,,,556,
32259,T6,raid_drop,Bands of the Coming Storm,inv_bracer_02,Wrist,Mail,,,,,,,,,,,,https://www.wowhead.com/tbc/item=32259,,,28,28,34,34,,,,,,,,21,,,,,,,,,,,,,,,,,,432,
32260,T6,raid_drop,Choker of Endless Nightmares,inv_jewelry_necklace_35,Neck,,,,,,,,,,,,,https://www.wowhead.com/tbc/item=32260,,,,,,,,,,,,,,,,,,72,72,,21,27,,,,,,,,,,,
32261,T6,raid_drop,Band of the Abyssal Lord,inv_jewelry_ring_70,Finger,,,,,,,,,,,,,https://www.wowhead.com/tbc/item=32261,,,53,,,,,,,,,,,,,,,,,,21,,,,,27,,,,,,,
32262,T6,raid_drop,Syphon of the Nathrezim,inv_mace_44,Weapon,,One Hand,Mace,,,,yes,,,196,365,2.8,https://www.wowhead.com/tbc/item=32262,,,,,,,,,,,,,,,,,,50,50,,,,,,,,,,,,,,
32263,T6,raid_drop,Praetorian's Legguards,inv_pants_plate_07,Legs,Plate,,,,,,,Yellow|Yellow|Red,stamina=6,,,,https://www.wowhead.com/tbc/item=32263,,,75,,,,,,,,,,,,,,,,,,18,,,,,,,,35,43,,1544,
32264,T6,raid_drop,Shoulders of the Hidden Predator,inv_shoulder_59,Shoulder,Mail,,,,,,,,,,,,https://www.wowhead.com/tbc/item=32264,,38,37,,,,,,,,,,,,,,,76,76,,,26,,,,,,,,,,741,
32265,T6,raid_drop,Shadow-walker's Cord,inv_belt_26,Waist,Leather,,,,,,,,,,,,https://www.wowhead.com/tbc/item=32265,,27,38,,,,,,,,,,,,,,,76,76,,,,37,,,,,,,,,249,
32266,T6,raid_drop,Ring of Deceitful Intent,inv_jewelry_ring_68,Finger,,,,,,,,,,,,,https://www.wowhead.com/tbc/item=32266,,21,42,,,,,,,,,,,,,,,58,58,,19,,,,,,,,,,,,
32267,T5,raid_drop,Boots of the Resilient,inv_boots_plate_06,Feet,Plate,,,,,,,Red|Yellow,stamina=4,,,,https://www.wowhead.com/tbc/item=32267,,,51,,,,,,,,,,,,,,,,,,,,,,,25,25,,,,,1105,
32268,T6,raid_drop,Myrmidon's Treads,inv_boots_plate_06,Feet,Plate,,,,,,,Yellow|Red,dodge=3,,,,https://www.wowhead.com/tbc/item=32268,,,56,,,,,,,,,,,,,,,,,,17,,,,,30,,,26,,,1213,
32269,T6,raid_drop,Messenger of Fate,inv_weapon_shortblade_63,Weapon,,One Hand,Dagger,,,,,,,112,169,1.4,https://www.wowhead.com/tbc/item=32269,,22,31,,,,,,,,,,,,,,,44,44,,,,,,,,,,,,,,
32270,T6,raid_drop,Focused Mana Bindings,inv_bracer_10,Wrist,Cloth,,,,,,,,,,,,https://www.wowhead.com/tbc/item=32270,,,27,20,42,42,,,,,,,19,,,,,,,,,,,,,,,,,,,103,
32271,T6,raid_drop,Kilt of Immortal Nature,inv_pants_leather_23,Legs,Leather,,,,,,,Blue|Yellow|Blue,healing_power=9|spell_damage=3,,,,https://www.wowhead.com/tbc/item=32271,,,40,42,118,37,,,,,,,,,,,,,,,,,,,,,,,,,,388,
32273,T6,raid_drop,Amice of Brilliant Light,inv_shoulder_63,Shoulder,Cloth,,,,,,,,,,,,https://www.wowhead.com/tbc/item=32273,,,38,27,84,28,,,,,,,,,,,37,,,,,,,,,,,,,,,177,
32275,T6,raid_drop,Spiritwalker Gauntlets,inv_gauntlets_61,Hands,Mail,,,,,,,,,,,,https://www.wowhead.com/tbc/item=32275,,,38,27,84,28,,,,,,,,,37,,,,,,,,,,,,,,,,,617,
32276,T6,raid_drop,Flashfire Girdle,inv_belt_13,Waist,Mail,,,,,,,,,,,,https://www.wowhead.com/tbc/item=32276,,,27,26,44,44,,,,,,,,18,37,,,,,,,,,,,,,,,,,556,
32278,T6,raid_drop,Grips of Silent Justice,inv_gauntlets_62,Hands,Plate,,,,,,,Red|Red,stamina=4,,,,https://www.wowhead.com/tbc/item=32278,40,,37,,,,,,,,,,,,,,,,,,15,,,175,,,,,,,,1103,
32279,T6,raid_drop,The Seeker's Wristguards,inv_bracer_17,Wrist,Plate,,,,,,,,,,,,https://www.wowhead.com/tbc/item=32279,,,43,,22,22,,,,,,,,,,,,,,,,,,,,21,28,,,,,772,
32280,T6,raid_drop,Gauntlets of Enforcement,inv_gauntlets_62,Hands,Plate,,,,,,,,,,,,https://www.wowhead.com/tbc/item=32280,,,70,,,,,,,,,,,,,,,,,,,,,,21,32,,36,,,,1103,
32323,T6,raid_drop,Shadowmoon Destroyer's Drape,inv_misc_cape_naxxramas_02,Back,Cloth,,,,,,,,,,,,https://www.wowhead.com/tbc/item=32323,,,24,,,,,,,,,,,,,,,72,72,,17,24,,,,,,,,,,118,
32324,T6,raid_drop,Insidious Bands,inv_bracer_04,Wrist,Leather,,,,,,,Yellow,agility=2,,,,https://www.wowhead.com/tbc/item=32324,,28,28,,,,,,,,,,,,,,,58,58,,12,,,,,,,,,,,194,
32325,T6,raid_drop,Rifle of the Stoic Guardian,inv_weapon_rifle_21,Ranged,,,,3,,,,,,120,224,1.9,https://www.wowhead.com/tbc/item=32325,,,31,,,,,,,,,,,,,,,,,,,,,,,,,,20,,,,
32326,T6,raid_drop,Twisted Blades of Zarak,inv_throwingknife_04,Ranged,,,,4,,,,,,101,152,1.4,https://www.wowhead.com/tbc/item=32326,,23,,,,,,,,,,,,,,,,,,,,16,,,,,,,,,,,
32327,T6,raid_drop,Robe of the Shadow Council,inv_chest_cloth_51,Chest,Cloth,,,,,,,,,,,,https://www.wowhead.com/tbc/item=32327,,,37,36,73,73,,,,,,,,28,,,26,,,,,,,,,,,,,,,236,
32328,T6,raid_drop,Botanist's Gloves of Growth,inv_gauntlets_24,Hands,Leather,,,,,,,Yellow|Blue,healing_power=7|spell_damage=3,,,,https://www.wowhead.com/tbc/item=32328,,,22,21,84,28,,,,,,,,,37,,,,,,,,,,,,,,,,,277,
32329,T6,raid_drop,Cowl of Benevolence,inv_helmet_32,Head,Cloth,,,,,,,Meta|Blue,healing_power=9|spell_damage=3,,,,https://www.wowhead.com/tbc/item=32329,,,39,27,118,37,,,,,,,,,,,42,,,,,,,,,,,,,,,192,
32330,T6,raid_drop,Totem of Ancestral Guidance,spell_nature_giftofthewaterspirit,Ranged,,,,8,,,yes,,,,,,https://www.wowhead.com/tbc/item=32330,,,,,,,,,,,,,,,,,,,,,,,,,,,,,,,,,
32331,T6,raid_drop,Cloak of the Illidari Council,inv_misc_cape_20,Back,Cloth,,,,,,,,,,,,https://www.wowhead.com/tbc/item=32331,,,24,16,42,42,,,,,,,,25,,,,,,,,,,,,,,,,,,118,
32332,T6,raid_drop,Torch of the Damned,inv_mace_49,Weapon,,Two Hand,Mace,,,,,,,396,595,3.8,https://www.wowhead.com/tbc/item=32332,51,,45,,,,,,,,,,,,,,,,,,,38,50,,,,,,,,,,
32333,T6,raid_drop,Girdle of Stability,inv_belt_33,Waist,Plate,,,,,,,Red|Yellow,stamina=4,,,,https://www.wowhead.com/tbc/item=32333,,,56,,,,,,,,,,,,,,,,,,,,,,,19,,56,18,,,993,
32334,T6,raid_drop,Vest of Mounting Assault,inv_chest_samurai,Chest,Mail,,,,,,,,,,,,https://www.wowhead.com/tbc/item=32334,,58,27,18,,,,,,,,,,,,,,116,116,,,,,,,,,,,,,988,
32335,T6,raid_drop,Unstoppable Aggressor's Ring,inv_jewelry_ring_71,Finger,,,,,,,,,,,,,https://www.wowhead.com/tbc/item=32335,36,,28,,,,,,,,,,,,,,,,,,,30,,,,,,,,,,,
32336,T6,raid_drop,Black Bow of the Betrayer,inv_weapon_bow_31,Ranged,,,,1,,,yes,,,201,374,3,https://www.wowhead.com/tbc/item=32336,,,,,,,,,,,,,,,,,,26,26,,,,,,,,,,,,,,
32337,T6,raid_drop,Shroud of Forgiveness,inv_misc_cape_13,Back,Cloth,,,,,,,,,,,,https://www.wowhead.com/tbc/item=32337,,,27,19,79,27,,,,,,,,,,,20,,,,,,,,,,,,,,,118,
32338,T6,raid_drop,Blood-cursed Shoulderpads,inv_shoulder_02,Shoulder,Cloth,,,,,,,,,,,,https://www.wowhead.com/tbc/item=32338,,,25,19,55,55,,,,,,,18,25,,,,,,,,,,,,,,,,,,177,
32339,T6,raid_drop,Belt of Primal Majesty,inv_belt_24,Waist,Leather,,,,,,,,,,,,https://www.wowhead.com/tbc/item=32339,,,34,29,84,28,,,,,,,,,37,,,,,,,,,,,,,,,,,249,
32340,T6,raid_drop,Garments of Temperance,inv_chest_cloth_35,Chest,Cloth,,,,,,,,,,,,https://www.wowhead.com/tbc/item=32340,,,51,34,118,37,,,,,,,,,,,,,,,,,,,,,,,,,,236,
32341,T6,raid_drop,Leggings of Divine Retribution,inv_pants_plate_20,Legs,Plate,,,,,,,,,,,,https://www.wowhead.com/tbc/item=32341,51,,51,,,,,,,,,,,,,,,,,,,35,,350,,,,,,,,1544,
32342,T6,raid_drop,Girdle of Mighty Resolve,inv_belt_27,Waist,Plate,,,,,,,Yellow|Blue,dodge=3,,,,https://www.wowhead.com/tbc/item=32342,,,56,,30,30,,,,,,,,,,,,,,,,,,,,26,25,38,,,,993,
32343,T6,raid_drop,Wand of Prismatic Focus,inv_wand_16,Ranged,,,,5,,,,,,193,360,1.5,https://www.wowhead.com/tbc/item=32343,,,21,,25,25,,,,,,,13,,,,,,,,,,,,,,,,,,,,
32344,T6,raid_drop,Staff of Immaculate Recovery,inv_staff_61,Weapon,,Two Hand,Staff,,,,,,,145,312,3.2,https://www.wowhead.com/tbc/item=32344,,,73,51,443,148,,,,,,,,,,,35,,,,,,,,,,,,,,,,
32345,T6,raid_drop,Dreadboots of the Legion,inv_boots_plate_02,Feet,Plate,,,,,,,Yellow|Yellow,strength=3,,,,https://www.wowhead.com/tbc/item=32345,38,,40,,,,,,,,,,,,,,,,,,18,30,,,,,,,,,,1213,
32346,T6,raid_drop,Boneweave Girdle,inv_belt_14,Waist,Mail,,,,,,,,,,,,https://www.wowhead.com/tbc/item=32346,,38,,26,,,,,,,,,,,,,,76,76,,17,24,,,,,,,,,,556,
32347,T6,raid_drop,Grips of Damnation,inv_gauntlets_65,Hands,Leather,,,,,,,,,,,,https://www.wowhead.com/tbc/item=32347,,27,38,,,,,,,,,,,,,,,76,76,,,,37,,,,,,,,,277,
32348,T6,raid_drop,Soul Cleaver,inv_axe_60,Weapon,,Two Hand,Axe,,,,,,,386,579,3.7,https://www.wowhead.com/tbc/item=32348,65,,63,,,,,,,,,,,,,,,,,,,,,315,,,,,,,,,
32349,T6,raid_drop,Translucent Spellthread Necklace,inv_jewelry_necklace_30,Neck,,,,,,,,,,,,,https://www.wowhead.com/tbc/item=32349,,,,,46,46,,,,,,,15,24,,,,,,,,,,,,,,,,,,,
32350,T6,raid_drop,Touch of Inspiration,inv_misc_gem_ebondraenite_02,Weapon,,Off Hand,Off Hand,,,,,,,,,,https://www.wowhead.com/tbc/item=32350,,,24,21,64,22,,,,,,,,,,,,,,,,,,,,,,,,,,,
32351,T6,raid_drop,Elunite Empowered Bracers,inv_bracer_09,Wrist,Leather,,,,,,,,,,,,https://www.wowhead.com/tbc/item=32351,,,27,22,34,34,,,,,,,19,,,,,,,,,,,,,,,,,,,194,
32352,T6,raid_drop,Naturewarden's Treads,inv_boots_08,Feet,Leather,,,,,,,Yellow|Blue,healing_power=4|spell_damage=4,,,,https://www.wowhead.com/tbc/item=32352,,,39,18,44,44,,,,,,,,26,,,,,,,,,,,,,,,,,,305,
32353,T6,raid_drop,Gloves of Unfailing Faith,inv_gauntlets_63,Hands,Cloth,,,,,,,Red|Blue,35=1,,,,https://www.wowhead.com/tbc/item=32353,,,25,33,75,25,,,,,,,,,,,,,,,,,,,,,,,,,,148,
32354,T6,raid_drop,Crown of Empowered Fate,inv_helmet_96,Head,Plate,,,,,,,Meta|Blue,spell_crit=4,,,,https://www.wowhead.com/tbc/item=32354,,,39,27,118,37,,,,,,,,42,,,,,,,,,,,,,,,,,,1434,
32361,T6,raid_drop,Blind-Seers Icon,inv_misc_orb_05,Weapon,,Off Hand,Off Hand,,,,,,,,,,https://www.wowhead.com/tbc/item=32361,,,25,16,42,42,,,,,,,24,,,,,,,,,,,,,,,,,,,,
32362,T6,raid_drop,Pendant of Titans,inv_jewelry_amulet_03,Neck,,,,,,,,,,,,,https://www.wowhead.com/tbc/item=32362,,,43,,,,,,,,,,,,,,,,,,20,,,,,21,,,25,,,,
32363,T6,raid_drop,Naaru-Blessed Life Rod,inv_wand_15,Ranged,,,,5,,,,,,193,360,1.5,https://www.wowhead.com/tbc/item=32363,,,12,12,37,13,,,,,,,,,,,16,,,,,,,,,,,,,,,,
32365,T6,raid_drop,Heartshatter Breastplate,inv_chest_plate08,Chest,Plate,,,,,,,,,,,,https://www.wowhead.com/tbc/item=32365,63,,45,,,,,,,,,,,,,,,,,,30,44,,,,,,,,,,1765,
32366,T6,raid_drop,Shadowmaster's Boots,inv_boots_cloth_02,Feet,Leather,,,,,,,Red|Yellow,melee_crit=3,,,,https://www.wowhead.com/tbc/item=32366,,30,38,,,,,,,,,,,,,,,76,76,,,17,,,,,,,,,,305,
32367,T6,raid_drop,Leggings of Devastation,inv_pants_cloth_15,Legs,Cloth,,,,,,,Yellow|Yellow|Blue,healing_power=5|spell_damage=5,,,,https://www.wowhead.com/tbc/item=32367,,,40,42,60,60,,,,,,,26,,,,,,,,,,,,,,,,,,,207,
32368,T6,raid_drop,Tome of the Lightbringer,inv_relics_libramofhope,Ranged,,,,7,,,yes,,,,,,https://www.wowhead.com/tbc/item=32368,,,,,,,,,,,,,,,,,,,,,,,,,,,,,,,,,
32369,T6,raid_drop,Blade of Savagery,inv_sword_87,Weapon,,One Hand,Sword,,,,,,,98,183,1.4,https://www.wowhead.com/tbc/item=32369,,,19,,,,,,,,,,,,,,,44,44,,15,22,,,,,,,,,,,
32370,T6,raid_drop,Nadina's Pendant of Purity,inv_jewelry_necklace_32,Neck,,,,,,,,,,,,,https://www.wowhead.com/tbc/item=32370,,,16,14,79,27,,,,,,,,19,,,,,,,,,,,,,,,,,,,
32373,T6,raid_drop,Helm of the Illidari Shatterer,inv_helmet_98,Head,Plate,,,,,,,Meta|Yellow,stamina=6,,,,https://www.wowhead.com/tbc/item=32373,51,,29,,,,,,,,,,,,,,,,,,34,42,,,,,,,,,,1434,
32374,T6,raid_drop,"Zhar'doom, Greatstaff of the Devourer",inv_staff_59,Weapon,,Two Hand,Staff,,,,,,,145,322,3.2,https://www.wowhead.com/tbc/item=32374,,,70,47,259,259,,,,,,,,36,55,,,,,,,,,,,,,,,,,,
32375,T6,raid_drop,Bulwark of Azzinoth,inv_shield_32,Weapon,,Off Hand,Shield,,,,yes,,,,,,https://www.wowhead.com/tbc/item=32375,,,60,,,,,,,,,,,,,,,,,,,,,,,29,,174,,,,6336,
32376,T6,raid_drop,Forest Prowler's Helm,inv_helmet_95,Head,Mail,,,,,,,Red|Meta,35=2,,,,https://www.wowhead.com/tbc/item=32376,,42,29,28,,,,,,,,,,,,,,100,100,,,20,,,,,,,,,,803,
32377,T6,raid_drop,Mantle of Darkness,inv_shoulder_67,Shoulder,Leather,,,,,,,,,,,,https://www.wowhead.com/tbc/item=32377,,,34,,,,,,,,,,,,,,,94,94,,22,33,,,,,,,,,,333,
32387,,worn,Idol of the Raven Goddess,inv-mount_raven_54,Ranged,,,,6,,,yes,,,,,,https://www.wowhead.com/tbc/item=32387,,,,,,,,,,,,,,,,,,,,,,,,,,,,,,,,,
32450,,arena,Gladiator's Gavel,inv_mace_47,Weapon,,Main Hand,Mace,,,,,,,22,110,1.6,https://www.wowhead.com/tbc/item=32450,,,28,18,199,199,,,,,,,,,,,,,,,,,,,,,,,,,18,,
32451,,arena,Gladiator's Salvation,inv_mace_47,Weapon,,Main Hand,Mace,,,,,,,22,110,1.6,https://www.wowhead.com/tbc/item=32451,,,28,18,375,125,,,,,,,,,,,,,,,,,,,,,,,,,18,,
32461,,crafted,Furious Gizmatic Goggles,inv_gizmo_newgoggles,Head,Plate,,,,,,yes,Meta|Blue,melee_crit=4,,,,https://www.wowhead.com/tbc/item=32461,48,,28,,,,,,,,,,,,,,,,,,13,38,,,,,,,,,,1296,
32471,T6,raid_drop,Shard of Azzinoth,inv_weapon_shortblade_62,Weapon,,One Hand,Dagger,,,,,,,161,242,1.9,https://www.wowhead.com/tbc/item=32471,,,,,,,,,,,,,,,,,,64,64,,,,,,,,,,,,,,
32472,,crafted,Justicebringer 2000 Specs,inv_gizmo_newgoggles,Head,Plate,,,,,,yes,Meta|Blue,spell_crit=4,,,,https://www.wowhead.com/tbc/item=32472,,,29,13,101,34,,,,,,,,39,,,,,,,,,,,,,,,,,,1296,
32473,,crafted,Tankatronic Goggles,inv_gizmo_newgoggles,Head,Plate,,,,,,yes,Meta|Yellow,stamina=6,,,,https://www.wowhead.com/tbc/item=32473,,,67,,,,,,,,,,,,,,,,,,13,,,,,38,,,22,,,1296,
32474,,crafted,Surestrike Goggles v2.0,inv_gizmo_newgoggles,Head,Mail,,,,,,yes,Meta|Blue,agility=4,,,,https://www.wowhead.com/tbc/item=32474,,,28,,,,,,,,,,,,,,,96,96,,13,38,,,,,,,,,,726,
32475,,crafted,Living Replicator Specs,inv_gizmo_newgoggles,Head,Mail,,,,,,yes,Meta|Blue,healing_power=9|spell_damage=3,,,,https://www.wowhead.com/tbc/item=32475,,,14,38,106,36,,,,,,,,,,,,,,,,,,,,,,,,,,726,
32476,,crafted,Gadgetstorm Goggles,inv_gizmo_newgoggles,Head,Mail,,,,,,yes,Meta|Blue,healing_power=5|spell_damage=5,,,,https://www.wowhead.com/tbc/item=32476,,,28,,55,55,,,,,,,12,40,,,,,,,,,,,,,,,,,,726,
32478,,crafted,Deathblow X11 Goggles,inv_gizmo_newgoggles,Head,Leather,,,,,,yes,Meta|Blue,agility=4,,,,https://www.wowhead.com/tbc/item=32478,,48,28,,,,,,,,,,,,,,,76,76,,11,,,,,,,,,,,326,
32479,,crafted,Wonderheal XT40 Shades,inv_gizmo_newgoggles,Head,Leather,,,,,,yes,Meta|Blue,healing_power=9|spell_damage=3,,,,https://www.wowhead.com/tbc/item=32479,,,15,38,106,36,,,,,,,,,,,22,,,,,,,,,,,,,,,326,
32480,,crafted,Magnified Moon Specs,inv_gizmo_newgoggles,Head,Leather,,,,,,yes,Meta|Blue,healing_power=5|spell_damage=5,,,,https://www.wowhead.com/tbc/item=32480,,,22,24,50,50,,,,,,,,41,,,,,,,,,,,,,,,,,,326,
32483,T6,raid_drop,The Skull of Gul'dan,inv_misc_bone_elfskull_01,Trinket,,,,,,,yes,,,,,,https://www.wowhead.com/tbc/item=32483,,,,,55,55,,,,,,,25,,,,,,,,,,,,,,,,,,,,
32491,,drop,Ashtongue Talisman of Vision,inv_jewelry_necklace_31,Trinket,,,,,,Shaman,yes,,,,,,https://www.wowhead.com/tbc/item=32491,,,,,,,,,,,,,,,,,,,,,,,,,,,,,,,,,
32492,,drop,Ashtongue Talisman of Lethality,inv_misc_coin_10,Trinket,,,,,,Rogue,yes,,,,,,https://www.wowhead.com/tbc/item=32492,,,,,,,,,,,,,,,,,,,,,,,,,,,,,,,,,
32494,,crafted,Destruction Holo-gogs,inv_gizmo_newgoggles,Head,Cloth,,,,,,yes,Meta|Blue,healing_power=5|spell_damage=5,,,,https://www.wowhead.com/tbc/item=32494,,,22,24,64,64,,,,,,,,29,,,,,,,,,,,,,,,,,,174,
32495,,crafted,Powerheal 4000 Lens,inv_gizmo_newgoggles,Head,Cloth,,,,,,yes,Meta|Blue,healing_power=9|spell_damage=3,,,,https://www.wowhead.com/tbc/item=32495,,,14,38,101,34,,,,,,,,,,,28,,,,,,,,,,,,,,,174,
32496,T6,raid_drop,Memento of Tyrande,inv_summerfest_fireflower,Trinket,,,,,,,yes,,,,,,https://www.wowhead.com/tbc/item=32496,,,,,118,37,,,,,,,,,,,,,,,,,,,,,,,,,,,
32497,T6,raid_drop,Stormrage Signet Ring,inv_jewelry_ring_67,Finger,,,,,,,,,,,,,https://www.wowhead.com/tbc/item=32497,,,33,,,,,,,,,,,,,,,66,66,,30,,,126,,,,,,,,,
32500,T6,raid_drop,Crystal Spire of Karabor,inv_mace_56,Weapon,,Main Hand,Mace,,,,yes,,,17,132,1.8,https://www.wowhead.com/tbc/item=32500,,,22,15,486,162,,,,,,,,,,,,,,,,,,,,,,,,,,,
32501,T6,raid_drop,Shadowmoon Insignia,inv_jewelcrafting_shadowsongamethyst_01,Trinket,,,,,,,yes,,,,,,https://www.wowhead.com/tbc/item=32501,,,,,,,,,,,,,,,,,,,,,,,,,,36,,,32,,,,
32505,T6,raid_drop,Madness of the Betrayer,spell_shadow_charm,Trinket,,,,,,,yes,,,,,,https://www.wowhead.com/tbc/item=32505,,,,,,,,,,,,,,,,,,84,84,,20,,,,,,,,,,,,
32508,,crafted,Necklace of the Deep,inv_jewelry_necklace_03,Neck,,,,,,,,Red|Red,melee_hit=3,,,,https://www.wowhead.com/tbc/item=32508,,21,20,,,,,,,,,,,,,,,,,,,,,,,,,,,,,,
32510,T6,raid_drop,Softstep Boots of Tracking,inv_boots_chain_01,Feet,Mail,,,,,,,,,,,,https://www.wowhead.com/tbc/item=32510,,27,,29,,,,,,,,,,,,,,76,76,,17,26,,,,,,,,,,679,
32512,T6,raid_drop,Girdle of Lordaeron's Fallen,inv_belt_28,Waist,Plate,,,,,,,,,,,,https://www.wowhead.com/tbc/item=32512,,,32,32,70,24,,,,,,,,,38,,,,,,,,,,,,,,,,,993,
32513,T6,raid_drop,Wristbands of Divine Influence,inv_bracer_13,Wrist,Cloth,,,,,,,,,,,,https://www.wowhead.com/tbc/item=32513,,,24,21,62,21,,,,,,,,,,,28,,,,,,,,,,,,,,,103,
32515,T5,raid_drop,Wristguards of Determination,inv_bracer_19,Wrist,Plate,,,,,,,,,,,,https://www.wowhead.com/tbc/item=32515,,,37,,,,,,,,,,,,,,,,,,,,,,,24,13,,19,,,703,
32516,T5,raid_drop,Wraps of Purification,inv_bracer_13,Wrist,Cloth,,,,,,,,,,,,https://www.wowhead.com/tbc/item=32516,,,24,25,53,18,,,,,,,,,,,,,,,,,,,,,,,,,,94,
32517,T6,raid_drop,The Wavemender's Mantle,inv_shoulder_61,Shoulder,Mail,,,,,,,,,,,,https://www.wowhead.com/tbc/item=32517,,,37,26,84,28,,,,,,,,,,,,,,,,,,,,,,,,,,741,
32518,T6,raid_drop,Veil of Turning Leaves,inv_shoulder_58,Shoulder,Leather,,,,,,,,,,,,https://www.wowhead.com/tbc/item=32518,,,29,29,84,28,,,,,,,,,,,38,,,,,,,,,,,,,,,333,
32519,T6,raid_drop,Belt of Divine Guidance,inv_belt_07,Waist,Cloth,,,,,,,Yellow|Blue,healing_power=7|spell_damage=3,,,,https://www.wowhead.com/tbc/item=32519,,,35,24,73,25,,,,,,,,,,,32,,,,,,,,,,,,,,,133,
32521,T6,raid_drop,Faceplate of the Impenetrable,inv_helmet_98,Head,Plate,,,,,,,Meta|Red,stamina=6,,,,https://www.wowhead.com/tbc/item=32521,,,82,,,,,,,,,,,,,,,,,,,,,,,30,29,45,38,,,1532,
32524,T6,raid_drop,Shroud of the Highborne,inv_misc_cape_06,Back,Cloth,,,,,,,,,,,,https://www.wowhead.com/tbc/item=32524,,,24,23,68,23,,,,,,,,,32,,,,,,,,,,,,,,,,,126,
32525,T6,raid_drop,Cowl of the Illidari High Lord,inv_helmet_53,Head,Cloth,,,,,,,Meta|Blue,healing_power=5|spell_damage=5,,,,https://www.wowhead.com/tbc/item=32525,,,33,31,64,64,,,,,,,21,47,,,,,,,,,,,,,,,,,,205,
32526,T6,raid_drop,Band of Devastation,inv_jewelry_ring_35,Finger,,,,,,,,,,,,,https://www.wowhead.com/tbc/item=32526,,,44,,,,,,,,,,,,,,,66,66,,,,31,,,,,,,,,,
32527,T6,raid_drop,Ring of Ancient Knowledge,inv_jewelry_ring_35,Finger,,,,,,,,,,,,,https://www.wowhead.com/tbc/item=32527,,,30,20,39,39,,,,,,,,,31,,,,,,,,,,,,,,,,,,
32528,T6,raid_drop,Blessed Band of Karabor,inv_jewelry_ring_35,Finger,,,,,,,,,,,,,https://www.wowhead.com/tbc/item=32528,,,20,20,73,25,,,,,,,,,30,,,,,,,,,,,,,,,,,,
32531,,drop,Gezzarak's Fang,inv_jewelry_necklace_09,Neck,,,,,,,,,,,,,https://www.wowhead.com/tbc/item=32531,,,,15,57,19,,,,,,,,,,,,,,,,,,,,,,,,,,,
32533,,drop,Karrog's Shard,inv_misc_gem_flamespessarite_02,Weapon,,Off Hand,Off Hand,,,,,,,,,,https://www.wowhead.com/tbc/item=32533,,,,,35,35,,,,,,,,12,,,,,,,,,,,,,,,,,,,
32568,,crafted,Swiftsteel Bracers,inv_bracer_15,Wrist,Plate,,,,,,,,,,,,https://www.wowhead.com/tbc/item=32568,35,,32,,,,,,,,,,,,,,,,,,,,27,,,,,,,,,772,
32570,,crafted,Swiftsteel Shoulders,inv_shoulder_29,Shoulder,Plate,,,,,,,,,,,,https://www.wowhead.com/tbc/item=32570,47,,29,,,,,,,,,,,,,,,,,,19,,35,,,,,,,,,1324,
32571,,crafted,Dawnsteel Bracers,inv_bracer_02,Wrist,Plate,,,,,,,,,,,,https://www.wowhead.com/tbc/item=32571,,,21,23,64,22,,,,,,,,,28,,,,,,,,,,,,,,,,,772,
32573,,crafted,Dawnsteel Shoulders,inv_shoulder_66,Shoulder,Plate,,,,,,,,,,,,https://www.wowhead.com/tbc/item=32573,,,31,28,81,27,,,,,,,,,38,,,,,,,,,,,,,,,,,1324,
32574,,crafted,Bindings of Lightning Reflexes,inv_bracer_02,Wrist,Mail,,,,,,,,,,,,https://www.wowhead.com/tbc/item=32574,,21,15,16,,,,,,,,,,,,,,56,56,,,,27,,,,,,,,,432,
32575,,crafted,Shoulders of Lightning Reflexes,inv_shoulder_66,Shoulder,Mail,,,,,,,,,,,,https://www.wowhead.com/tbc/item=32575,,27,19,21,,,,,,,,,,,,,,74,74,,,,37,,,,,,,,,741,
32577,,crafted,Living Earth Bindings,inv_bracer_02,Wrist,Mail,,,,,,,,,,,,https://www.wowhead.com/tbc/item=32577,,,27,20,64,22,,,,,,,,,28,,,,,,,,,,,,,,,,,432,
32579,,crafted,Living Earth Shoulders,inv_shoulder_66,Shoulder,Mail,,,,,,,,,,,,https://www.wowhead.com/tbc/item=32579,,,32,28,86,29,,,,,,,,,37,,,,,,,,,,,,,,,,,741,
32580,,crafted,Swiftstrike Bracers,inv_bracer_15,Wrist,Leather,,,,,,,,,,,,https://www.wowhead.com/tbc/item=32580,,20,34,,,,,,,,,,,,,,,50,50,,,,27,,,,,,,,,194,
32581,,crafted,Swiftstrike Shoulders,inv_shoulder_23,Shoulder,Leather,,,,,,,,,,,,https://www.wowhead.com/tbc/item=32581,,29,34,,,,,,,,,,,,,,,74,74,,,,38,,,,,,,,,333,
32582,,crafted,Bracers of Renewed Life,inv_bracer_02,Wrist,Leather,,,,,,,,,,,,https://www.wowhead.com/tbc/item=32582,,,26,20,64,22,,,,,,,,,28,,,,,,,,,,,,,,,,,194,
32583,,crafted,Shoulderpads of Renewed Life,inv_shoulder_07,Shoulder,Leather,,,,,,,,,,,,https://www.wowhead.com/tbc/item=32583,,,34,29,81,27,,,,,,,,,38,,,,,,,,,,,,,,,,,333,
32585,,crafted,Swiftheal Mantle,inv_shoulder_25,Shoulder,Cloth,,,,,,,,,,,,https://www.wowhead.com/tbc/item=32585,,,21,16,84,28,,,,,,,,,27,,28,,,,,,,,,,,,,,,177,
32586,,crafted,Bracers of Nimble Thought,inv_bracer_13,Wrist,Cloth,,,,,,,,,,,,https://www.wowhead.com/tbc/item=32586,,,27,20,34,34,,,,,,,,,28,,,,,,,,,,,,,,,,,103,
32587,,crafted,Mantle of Nimble Thought,inv_shoulder_02,Shoulder,Cloth,,,,,,,,,,,,https://www.wowhead.com/tbc/item=32587,,,37,26,44,44,,,,,,,,,38,,,,,,,,,,,,,,,,,177,
32589,T6,raid_drop,Hellfire-Encased Pendant,inv_jewelry_necklace_17,Neck,,,,,,,,,,,,,https://www.wowhead.com/tbc/item=32589,,,16,17,,,,51,,,,,,24,,,12,,,,,,,,,,,,,,,,
32590,T6,raid_drop,Nethervoid Cloak,inv_misc_cape_10,Back,Cloth,,,,,,,,,,,,https://www.wowhead.com/tbc/item=32590,,,27,18,,,,,,,,53,18,,,,,,,,,,,,,,,,,,,118,
32591,T6,raid_drop,Choker of Serrated Blades,inv_jewelry_necklace_34,Neck,,,,,,,,,,,,,https://www.wowhead.com/tbc/item=32591,,,37,,,,,,,,,,,,,,,70,70,,,,,175,,,,,,,,,
32592,T6,raid_drop,Chestguard of Relentless Storms,inv_chest_chain_11,Chest,Mail,,,,,,,,,,,,https://www.wowhead.com/tbc/item=32592,,,36,30,74,74,,,,,,,,46,,,,,,,,,,,,,,,,,,988,
32593,T6,raid_drop,Treads of the Den Mother,inv_boots_wolf,Feet,Leather,,,,,,,,,,,,https://www.wowhead.com/tbc/item=32593,38,32,47,14,,,,,,,,,,,,,,,,,,,,,,,,,,,,305,211
32606,T6,raid_drop,Girdle of the Lightbearer,inv_belt_28,Waist,Plate,,,,,,,,,,,,https://www.wowhead.com/tbc/item=32606,49,,33,21,,,,,,,,,,,,,,,,,,,32,,,,,,,,,993,
32608,T6,raid_drop,Pillager's Gauntlets,inv_gauntlets_62,Hands,Plate,,,,,,,,,,,,https://www.wowhead.com/tbc/item=32608,38,,45,,,,,,,,,,,,,,,,,,18,,38,,,,,,,,,1103,
32609,T6,raid_drop,Boots of the Divine Light,inv_boots_cloth_08,Feet,Cloth,,,,,,,Yellow|Blue,healing_power=7|spell_damage=3,,,,https://www.wowhead.com/tbc/item=32609,,,47,24,73,25,,,,,,,,,,,24,,,,,,,,,,,,,,,162,
32645,,drop,Crystalline Crossbow,inv_weapon_crossbow_14,Ranged,,,,2,,,,,,165,248,2.8,https://www.wowhead.com/tbc/item=32645,,12,16,,,,,,,,,,,,,,,,,,11,,,,,,,,,,,,
32647,,drop,Shard-bound Bracers,inv_bracer_13,Wrist,Leather,,,,,,,Blue,attack_power=4|ranged_attack_power=4,,,,https://www.wowhead.com/tbc/item=32647,,20,18,,,,,,,,,,,,,,,42,42,,,,,,,,,,,,,146,
32651,,drop,Crystal Orb of Enlightenment,inv_misc_orb_04,Weapon,,Off Hand,Off Hand,,,,,,,,,,https://www.wowhead.com/tbc/item=32651,,,18,16,33,33,,,,,,,,,,,,,,,,,,,,,,,,,,,
32658,,drop,Badge of Tenacity,inv_misc_armorkit_12,Trinket,,,,,,,yes,,,,,,https://www.wowhead.com/tbc/item=32658,,,,,,,,,,,,,,,,,,,,,,,,,,,,,,,,308,
32662,,drop,Flaming Quartz Staff,inv_staff_draenei_a_03,Weapon,,Two Hand,Staff,,,,,,,93,172,2.1,https://www.wowhead.com/tbc/item=32662,,,28,46,121,121,,,,,,,,26,,,,,,,,,,,,,,,,,,,
32756,,crafted,Gyro-Balanced Khorium Destroyer,inv_weapon_rifle_13,Ranged,,,,3,,,,Yellow,stamina=3,148,275,2.8,https://www.wowhead.com/tbc/item=32756,,,27,,,,,,,,,,,,,,,,,,,,,,,,,,,,,,
32837,T6,raid_drop,Warglaive of Azzinoth,inv_weapon_glave_01,Weapon,,Main Hand,Sword,,The Twin Blades of Azzinoth,Warrior|Rogue,,,,214,398,2.8,https://www.wowhead.com/tbc/item=32837,,22,29,,,,,,,,,,,,,,,44,44,,21,,,,,,,,,,,,
32838,T6,raid_drop,Warglaive of Azzinoth,inv_weapon_glave_01,Weapon,,Off Hand,Sword,,The Twin Blades of Azzinoth,Warrior|Rogue,,,,107,199,1.4,https://www.wowhead.com/tbc/item=32838,,21,28,,,,,,,,,,,,,,,44,44,,,23,,,,,,,,,,,
32854,,crafted,Hammer of Righteous Might,inv_mace_41,Weapon,,Two Hand,Mace,,,,,,,94,186,2.1,https://www.wowhead.com/tbc/item=32854,,,55,37,168,168,,,,,,,,,,,,,,,,,,,,,,,,,,,
32864,,drop,Commander's Badge,inv_misc_gem_sapphire_01,Trinket,,,,,,,yes,,,,,,https://www.wowhead.com/tbc/item=32864,,,45,,,,,,,,,,,,,,,,,,,,,,,,,,,,,,
32872,,drop,Illidari Rod of Discipline,inv_wand_12,Ranged,,,,5,,,,Blue,healing_power=2|spell_damage=2,107,199,1.4,https://www.wowhead.com/tbc/item=32872,,,9,,13,13,,,,,,,,,,,,,,,,,,,,,,,,,,,
32943,T6,raid_drop,Swiftsteel Bludgeon,inv_mace_44,Weapon,,One Hand,Mace,,,,,,,105,196,1.5,https://www.wowhead.com/tbc/item=32943,,,,,,,,,,,,,,,,,,40,40,,19,,27,,,,,,,,,,
32944,T5,raid_drop,Talon of the Phoenix,inv_weapon_hand_12,Weapon,,Main Hand,Fist,,,,,,,182,339,2.7,https://www.wowhead.com/tbc/item=32944,,,,,,,,,,,,,,,,,,52,52,,15,19,,,,,,,,,,,
32945,T6,raid_drop,Fist of Molten Fury,inv_weapon_hand_14,Weapon,,Off Hand,Fist,,The Fists of Fury,,,,,120,181,1.5,https://www.wowhead.com/tbc/item=32945,,20,28,,,,,,,,,,,,,,,38,38,,,,,,,,,,,,,,
32946,T6,raid_drop,Claw of Molten Fury,inv_weapon_hand_14,Weapon,,Main Hand,Fist,,The Fists of Fury,,,,,216,325,2.7,https://www.wowhead.com/tbc/item=32946,,20,28,,,,,,,,,,,,,,,38,38,,,,,,,,,,,,,,
32963,,arena,Merciless Gladiator's Gavel,inv_mace_47,Weapon,,Main Hand,Mace,,,,,,,19,113,1.6,https://www.wowhead.com/tbc/item=32963,,,27,18,225,225,,,,,,,15,,,,,,,,,,,,,,,,,,18,,
32964,,arena,Merciless Gladiator's Salvation,inv_mace_47,Weapon,,Main Hand,Mace,,,,,,,19,113,1.6,https://www.wowhead.com/tbc/item=32964,,,31,21,423,141,,,,,,,,,,,,,,,,,,,,,,,,,21,,
33054,T5,raid_drop,The Seal of Danzalar,inv_jewelry_ring_39,Finger,,,,,,,,,,,,,https://www.wowhead.com/tbc/item=33054,,,33,,25,25,,,,,,,,,,,,,,,,,,,,,,,,,21,,295
33055,T5,raid_drop,Band of Vile Aggression,inv_jewelry_ring_71,Finger,,,,,,,,,,,,,https://www.wowhead.com/tbc/item=33055,,,37,,,,,,,,,,,,,,,50,50,,,,,,,,,,,,25,,
33058,T5,raid_drop,Band of the Vigilant,inv_jewelry_ring_43,Finger,,,,,,,,,,,,,https://www.wowhead.com/tbc/item=33058,,,33,,46,16,,,,,,,,21,,,,,,,,,,,,,,,,,21,,
33122,,crafted,Cloak of Darkness,inv_misc_cape_20,Back,Cloth,,,,,,,Blue,melee_crit=2,,,,https://www.wowhead.com/tbc/item=33122,23,,25,,,,,,,,,,,,,,,,,,,24,,,,,,,,,,101,
33204,,crafted,Shadowprowler's Chestguard,inv_chest_plate11,Chest,Leather,,,,,,,Red|Blue|Yellow,agility=4,,,,https://www.wowhead.com/tbc/item=33204,32,40,12,,,,,,,,,,,,,,,,,,8,,,,,,,,,,,333,
33313,,arena,Merciless Gladiator's Barrier,inv_shield_31,Weapon,,Off Hand,Shield,,,,,,,,,,https://www.wowhead.com/tbc/item=33313,,,27,19,33,33,,,,,,,,,,,,,,,,,,,,,,152,,,27,5727,
33662,,arena,Vengeful Gladiator's Bonecracker,inv_mace_41,Weapon,,Off Hand,Mace,,,,,,,108,201,1.5,https://www.wowhead.com/tbc/item=33662,,,30,,,,,,,,,,,,,,,34,34,,8,21,,49,,,,,,,12,,
33663,,arena,Vengeful Gladiator's Bonegrinder,inv_mace_43,Weapon,,Two Hand,Mace,,,,,,,386,580,3.6,https://www.wowhead.com/tbc/item=33663,46,,62,,,,,,,,,,,,,,,,,,15,46,,98,,,,,,,33,,
33670,,arena,Vengeful Gladiator's Decapitator,inv_axe_60,Weapon,,Two Hand,Axe,,,,,,,386,580,3.6,https://www.wowhead.com/tbc/item=33670,,,62,,,,,,,,,,,,,,,92,92,,15,46,,98,,,,,,,33,,
33687,,arena,Vengeful Gladiator's Gavel,inv_mace_56,Weapon,,Main Hand,Mace,,,,,,,16,116,1.6,https://www.wowhead.com/tbc/item=33687,,,30,20,247,247,,,,,,,17,,,,,,,,,,,,,,,,,,18,,
33716,,arena,Vengeful Gladiator's Staff,inv_staff_60,Weapon,,Two Hand,Staff,,,,,,,91,198,2,https://www.wowhead.com/tbc/item=33716,46,,62,,,,,,,,,,,,,,,,,1110,22,46,,,,,,,,,33,,
33727,,arena,Vengeful Gladiator's Painsaw,inv_weapon_halberd15,Weapon,,Two Hand,Polearm,,,,,,,236,354,2.2,https://www.wowhead.com/tbc/item=33727,,,62,,,,,,,,,,,,,,,92,92,,,47,,,,,,,,,42,,
33737,,arena,Vengeful Gladiator's Right Ripper,inv_weapon_hand_13,Weapon,,Main Hand,Fist,,,,,,,187,349,2.6,https://www.wowhead.com/tbc/item=33737,,,30,,,,,,,,,,,,,,,34,34,,8,21,,49,,,,,,,12,,
33743,,arena,Vengeful Gladiator's Salvation,inv_mace_56,Weapon,,Main Hand,Mace,,,,,,,16,116,1.6,https://www.wowhead.com/tbc/item=33743,,,35,23,464,155,,,,,,,,,,,,,,,,,,,,,,,,,21,,
33754,,arena,Vengeful Gladiator's Shanker,inv_weapon_shortblade_62,Weapon,,One Hand,Dagger,,,,,,,148,223,1.8,https://www.wowhead.com/tbc/item=33754,,,30,,,,,,,,,,,,,,,34,34,,8,21,,49,,,,,,,12,,
33763,,arena,Vengeful Gladiator's Spellblade,inv_weapon_shortblade_51,Weapon,,Main Hand,Dagger,,,,,,,16,116,1.6,https://www.wowhead.com/tbc/item=33763,,,30,20,247,247,,,,,,,17,,,,,,,,,,,,,,,,,,18,,
33766,,arena,Vengeful Gladiator's War Staff,inv_staff_54,Weapon,,Two Hand,Staff,,,,,,,91,198,2,https://www.wowhead.com/tbc/item=33766,,,62,46,247,247,,,,,,,,46,,35,,,,,,,,,,,,,,,29,,
34009,T6,raid_drop,Hammer of Judgement,inv_mace_57,Weapon,,Main Hand,Mace,,,,,,,20,129,1.8,https://www.wowhead.com/tbc/item=34009,,,33,22,236,236,,,,,,,22,,,,,,,,,,,,,,,,,,,,
34010,T6,raid_drop,Pepe's Shroud of Pacification,inv_misc_cape_16,Back,Cloth,,,,,,,,,,,,https://www.wowhead.com/tbc/item=34010,,,45,,,,,,,,,,,,,,,,,,25,,,,,,,,30,,,118,
34011,T6,raid_drop,Illidari Runeshield,inv_shield_01,Weapon,,Off Hand,Shield,,,,,,,,,,https://www.wowhead.com/tbc/item=34011,,,45,27,34,34,,,,,,,,,,,,,,,,,,,,,,160,,,,5930,
34012,T6,raid_drop,Shroud of the Final Stand,inv_misc_cape_16,Back,Cloth,,,,,,,,,,,,https://www.wowhead.com/tbc/item=34012,,,24,22,64,22,,,,,,,,,,,,,,,,,,,,,,,,,,118,
34015,,arena,Vengeful Gladiator's Chopper,inv_axe_84,Weapon,,Off Hand,Axe,,,,,,,187,349,2.6,https://www.wowhead.com/tbc/item=34015,,,30,,,,,,,,,,,,,,,34,34,,8,21,,49,,,,,,,12,,
34540,,arena,Vengeful Gladiator's Battle Staff,inv_staff_54,Weapon,,Two Hand,Staff,,,,,,,91,198,2,https://www.wowhead.com/tbc/item=34540,,,62,46,247,247,,,,,,,28,46,,,,,,,,,,,,,,,,,29,,
35495,,drop,The Frost Lord's War Cloak,inv_misc_cape_16,Back,Cloth,,,,,,,,,,,,https://www.wowhead.com/tbc/item=35495,,23,22,,,,,,,,,,,,,,,48,48,,,,,,,,,,,,,93,
35496,,drop,Icebound Cloak,inv_misc_cape_16,Back,Cloth,,,,,,,,,,,,https://www.wowhead.com/tbc/item=35496,,,30,,,,,,,,,,,,,,,,,,,,,,,25,,,,,,93,174
35507,,drop,Amulet of Bitter Hatred,inv_jewelry_necklace_18,Neck,,,,,,,,,,,,,https://www.wowhead.com/tbc/item=35507,,20,18,,,,,,,,,,,,,,,42,42,,18,,,,,,,,,,,,
35509,,drop,Amulet of Glacial Tranquility,inv_jewelry_necklace_32,Neck,,,,,,,,,,,,,https://www.wowhead.com/tbc/item=35509,,,22,21,48,16,,,,,,,,,,,,,,,,,,,,,,,,,,,
35511,,drop,Hailstone Pendant,inv_jewelry_necklace_16,Neck,,,,,,,,,,,,,https://www.wowhead.com/tbc/item=35511,,,33,,,,,,,,,,,,,,,,,,19,,,,,22,,,,,,,
35514,,drop,Frostscythe of Lord Ahune,inv_staff_78,Weapon,,Two Hand,Staff,,,,yes,,,144,287,3.2,https://www.wowhead.com/tbc/item=35514,,,40,35,176,176,,,,,,,,33,,,,,,,,,,,,,,,,,,,
37127,,drop,Brightbrew Charm,inv_drink_08,Trinket,,,,,,,yes,,,,,,https://www.wowhead.com/tbc/item=37127,,,45,,,,,,,,,,,,,,,,,,,,,,,,,,,,,,
38287,,drop,Empty Mug of Direbrew,inv_drink_03,Trinket,,,,,,,yes,,,,,,https://www.wowhead.com/tbc/item=38287,,,,,,,,,,,,,,,,,,72,72,,,,,,,,,,,,,,
38288,,drop,Direbrew Hops,inv_misc_herb_08,Trinket,,,,,,,yes,,,,,,https://www.wowhead.com/tbc/item=38288,,,,,84,28,,,,,,,,,,,,,,,,,,,,,,,,,,,
38289,,drop,Coren's Lucky Coin,inv_misc_elvencoins,Trinket,,,,,,,yes,,,,,,https://www.wowhead.com/tbc/item=38289,,,,,,,,,,,,,,,,,,,,,,,,,,,,59,,,,,
38290,,drop,Dark Iron Smoking Pipe,inv_misc_pipe_01,Trinket,,,,,,,yes,,,,,,https://www.wowhead.com/tbc/item=38290,,,,,43,43,,,,,,,,,,,,,,,,,,,,,,,,,,,
